Store,CompetitionDistance,StoreType_a,StoreType_b,StoreType_c,StoreType_d,Assortment_a,Assortment_b,Assortment_c,Promo2_0,Promo2_1,Promo_Jan,Promo_Feb,Promo_Mar,Promo_Apr,Promo_May,Promo_Jun,Promo_Jul,Promo_Aug,Promo_Sept,Promo_Oct,Promo_Nov,Promo_Dec,CompetitionDistance_log,CompMonth_sin,CompMonth_cos,PromoWeek_sin,PromoWeek_cos,CompetitionAgeMonths,Promo2AgeWeeks,CompetitionDistance_bin_Close,CompetitionDistance_bin_Far,CompetitionDistance_bin_Very_Far
1,7.147559271189454,0,0,1,0,1,0,0,1,0,1,0,0,1,0,0,1,0,0,1,0,0,2.0977184064732266,-1.0,-1.8369701987210297e-16,0.992708874098054,-0.12053668025532288,83,225,1,0,0
2,6.3473892096560105,1,0,0,0,1,0,0,0,1,1,0,0,1,0,0,1,0,0,1,0,0,1.9943450405522716,-0.5000000000000004,0.8660254037844384,1.0,-1.6081226496766366e-16,93,278,0,0,0
3,9.556126244582746,1,0,0,0,1,0,0,0,1,1,0,0,1,0,0,1,0,0,1,0,0,2.356706378079107,-2.4492935982947064e-16,1.0,0.992708874098054,-0.12053668025532288,104,225,0,0,1
4,6.431331081933479,0,0,1,0,0,0,1,1,0,1,0,0,1,0,0,1,0,0,1,0,0,2.005704992338858,-1.0,-1.8369701987210297e-16,0.992708874098054,-0.12053668025532288,71,225,0,0,0
5,10.30598158469934,1,0,0,0,1,0,0,1,0,1,0,0,1,0,0,1,0,0,1,0,0,2.4253319294440017,0.8660254037844387,-0.4999999999999998,0.992708874098054,-0.12053668025532288,4,225,0,0,1
6,5.739792912179234,1,0,0,0,1,0,0,1,0,1,0,0,1,0,0,1,0,0,1,0,0,1.9080291992562277,-2.4492935982947064e-16,1.0,0.992708874098054,-0.12053668025532288,20,225,0,0,0
7,10.085850775128716,1,0,0,0,0,0,1,1,0,1,0,0,1,0,0,1,0,0,1,0,0,2.4056695902475114,0.8660254037844387,-0.4999999999999998,0.992708874098054,-0.12053668025532288,28,225,0,0,1
8,8.925454386826402,1,0,0,0,1,0,0,1,0,1,0,0,1,0,0,1,0,0,1,0,0,2.2951026075732885,-0.8660254037844386,0.5000000000000001,0.992708874098054,-0.12053668025532288,10,225,0,0,1
9,7.616283561580385,1,0,0,0,0,0,1,1,0,1,0,0,1,0,0,1,0,0,1,0,0,2.153653850359465,-0.8660254037844385,-0.5000000000000004,0.992708874098054,-0.12053668025532288,180,225,1,0,0
10,8.058643712215618,1,0,0,0,1,0,0,1,0,1,0,0,1,0,0,1,0,0,1,0,0,2.2037194082101763,-1.0,-1.8369701987210297e-16,0.992708874098054,-0.12053668025532288,71,225,0,1,0
11,6.8679744089702925,1,0,0,0,0,0,1,0,1,1,0,0,1,0,0,1,0,0,1,0,0,2.062800647975805,-0.5000000000000004,0.8660254037844384,0.12053668025532305,0.992708874098054,45,186,1,0,0
12,6.976348070447749,1,0,0,0,0,0,1,0,1,1,0,0,1,0,0,1,0,0,1,0,0,2.076480671432496,-1.0,-1.8369701987210297e-16,1.0,-1.6081226496766366e-16,23,278,1,0,0
13,5.739792912179234,0,0,0,1,1,0,0,0,1,0,1,0,0,1,0,0,1,0,0,1,0,1.9080291992562277,-1.0,-1.8369701987210297e-16,-0.7485107481711011,0.6631226582407952,23,298,0,0,0
14,7.170888478512505,1,0,0,0,1,0,0,0,1,1,0,0,1,0,0,1,0,0,1,0,0,2.100577651859118,1.0,6.123233995736766e-17,-0.992708874098054,0.1205366802553232,17,199,1,0,0
15,8.321421586897879,0,0,0,1,0,0,1,0,1,1,0,0,1,0,0,1,0,0,1,0,0,2.232315147848897,1.0,6.123233995736766e-17,0.992708874098054,-0.12053668025532288,65,225,0,1,0
16,8.092851027538384,1,0,0,0,0,0,1,1,0,1,0,0,1,0,0,1,0,0,1,0,0,2.2074885034069283,-1.0,-1.8369701987210297e-16,0.992708874098054,-0.12053668025532288,23,225,0,1,0
17,3.9318256327243257,1,0,0,0,1,0,0,0,1,1,0,0,1,0,0,1,0,0,1,0,0,1.5957092304038698,-2.4492935982947064e-16,1.0,-3.216245299353273e-16,-1.0,116,265,0,0,0
18,9.535390480896702,0,0,0,1,0,0,1,0,1,1,0,0,1,0,0,1,0,0,1,0,0,2.3547401116757323,1.2246467991473532e-16,-1.0,0.992708874098054,-0.12053668025532288,62,173,0,0,1
19,8.083637203141548,1,0,0,0,0,0,1,0,1,0,0,1,0,0,1,0,0,1,0,0,1,2.206474685438453,-1.0,-1.8369701987210297e-16,0.46472317204376906,-0.8854560256532096,23,217,0,1,0
20,7.75833346749091,0,0,0,1,1,0,0,0,1,1,0,0,1,0,0,1,0,0,1,0,0,2.1700056434126114,0.49999999999999994,-0.8660254037844387,-0.992708874098054,0.1205366802553232,75,43,0,1,0
21,6.311734809152915,0,0,1,0,0,0,1,0,1,1,0,0,1,0,0,1,0,0,1,0,0,1.9894805655993109,-0.8660254037844386,0.5000000000000001,-0.7485107481711011,0.6631226582407952,190,298,0,0,0
22,6.947937068614969,1,0,0,0,1,0,0,0,1,1,0,0,1,0,0,1,0,0,1,0,0,2.072912406768814,-1.0,-1.8369701987210297e-16,0.46472317204376906,-0.8854560256532096,23,165,1,0,0
23,8.309184527686298,0,0,0,1,1,0,0,1,0,1,0,0,1,0,0,1,0,0,1,0,0,2.2310014964415203,-0.8660254037844385,-0.5000000000000004,0.992708874098054,-0.12053668025532288,120,225,0,1,0
24,8.431853144249223,1,0,0,0,0,0,1,0,1,1,0,0,1,0,0,1,0,0,1,0,0,2.244092593165725,1.0,6.123233995736766e-17,-0.992708874098054,0.1205366802553232,185,199,0,1,0
25,6.066108090103747,0,0,1,0,1,0,0,1,0,1,0,0,1,0,0,1,0,0,1,0,0,1.9553098460324838,0.8660254037844387,-0.4999999999999998,0.992708874098054,-0.12053668025532288,148,225,0,0,0
26,7.741099090035366,0,0,0,1,1,0,0,1,0,1,0,0,1,0,0,1,0,0,1,0,0,2.1680359357696948,-1.0,-1.8369701987210297e-16,0.992708874098054,-0.12053668025532288,23,225,1,0,0
27,4.110873864173311,1,0,0,0,1,0,0,0,1,1,0,0,1,0,0,1,0,0,1,0,0,1.6313704001963978,0.49999999999999994,0.8660254037844387,0.5680647467311558,0.8229838658936564,127,234,0,0,0
28,7.090909822079984,1,0,0,0,1,0,0,0,1,0,0,1,0,0,1,0,0,1,0,0,1,2.0907411873032014,-0.8660254037844386,0.5000000000000001,0.6631226582407952,0.7485107481711011,10,25,1,0,0
29,7.682943169878292,0,0,0,1,0,0,1,1,0,1,0,0,1,0,0,1,0,0,1,0,0,2.1613605460701373,-1.0,-1.8369701987210297e-16,0.992708874098054,-0.12053668025532288,23,225,1,0,0
30,3.713572066704308,1,0,0,0,1,0,0,0,1,0,0,1,0,0,1,0,0,1,0,0,1,1.5504460211620947,0.8660254037844386,0.5000000000000001,0.9350162426854148,0.35460488704253557,18,73,0,0,0
31,9.19023970026918,0,0,0,1,0,0,1,1,0,1,0,0,1,0,0,1,0,0,1,0,0,2.3214303700462113,-0.4999999999999997,-0.8660254037844388,0.992708874098054,-0.12053668025532288,37,225,0,0,1
32,7.976251943745623,1,0,0,0,1,0,0,0,1,0,1,0,0,1,0,0,1,0,0,1,0,2.194582416985536,-1.0,-1.8369701987210297e-16,-0.7485107481711011,0.6631226582407952,23,298,0,1,0
33,7.186144304522325,1,0,0,0,0,0,1,1,0,1,0,0,1,0,0,1,0,0,1,0,0,2.102443006124258,0.49999999999999994,-0.8660254037844387,0.992708874098054,-0.12053668025532288,27,225,1,0,0
34,7.714677473800927,0,0,1,0,1,0,0,1,0,1,0,0,1,0,0,1,0,0,1,0,0,2.1650086701174494,-1.0,-1.8369701987210297e-16,0.992708874098054,-0.12053668025532288,71,225,1,0,0
35,8.94389780251682,0,0,0,1,0,0,1,0,1,1,0,0,1,0,0,1,0,0,1,0,0,2.2969590768543937,-0.8660254037844386,0.5000000000000001,0.12053668025532305,0.992708874098054,178,186,0,0,1
36,6.293419278846481,1,0,0,0,0,0,1,0,1,1,0,0,1,0,0,1,0,0,1,0,0,1.9869724729359572,1.2246467991473532e-16,-1.0,-0.992708874098054,0.1205366802553232,146,43,0,0,0
37,8.350193650720067,0,0,1,0,1,0,0,1,0,1,0,0,1,0,0,1,0,0,1,0,0,2.2353970543930783,-2.4492935982947064e-16,1.0,0.992708874098054,-0.12053668025532288,8,225,0,1,0
38,6.994849985833071,0,0,0,1,1,0,0,1,0,1,0,0,1,0,0,1,0,0,1,0,0,2.0787975826118283,0.8660254037844387,-0.4999999999999998,0.992708874098054,-0.12053668025532288,100,225,1,0,0
39,5.564520407322694,1,0,0,0,1,0,0,0,1,0,1,0,0,1,0,0,1,0,0,1,0,1.881679452127038,-0.8660254037844386,0.5000000000000001,-0.5680647467311556,-0.8229838658936566,106,104,0,0,0
40,5.198497031265826,1,0,0,0,1,0,0,0,1,0,1,0,0,1,0,0,1,0,0,1,0,1.8243068483519838,-1.0,-1.8369701987210297e-16,-0.7485107481711011,0.6631226582407952,23,298,0,0,0
41,7.074116816197362,0,0,0,1,0,0,1,0,1,1,0,0,1,0,0,1,0,0,1,0,0,2.088663490519963,-1.0,-1.8369701987210297e-16,-0.5680647467311556,-0.8229838658936566,23,104,1,0,0
42,5.673323267171493,1,0,0,0,0,0,1,0,1,1,0,0,1,0,0,1,0,0,1,0,0,1.898117976801967,-1.0,-1.8369701987210297e-16,-0.992708874098054,0.1205366802553232,23,199,0,0,0
43,8.493105395887147,0,0,0,1,1,0,0,0,1,1,0,0,1,0,0,1,0,0,1,0,0,2.2505657873227176,-1.0,-1.8369701987210297e-16,-0.970941817426052,-0.23931566428755774,23,306,0,1,0
44,6.293419278846481,1,0,0,0,1,0,0,1,0,1,0,0,1,0,0,1,0,0,1,0,0,1.9869724729359572,1.2246467991473532e-16,-1.0,0.992708874098054,-0.12053668025532288,50,225,0,0,0
45,9.181014542594356,0,0,0,1,1,0,0,1,0,1,0,0,1,0,0,1,0,0,1,0,0,2.320524666529338,0.8660254037844386,0.5000000000000001,0.992708874098054,-0.12053668025532288,18,225,0,0,1
46,7.090909822079984,0,0,1,0,1,0,0,0,1,1,0,0,1,0,0,1,0,0,1,0,0,2.0907411873032014,-1.0,-1.8369701987210297e-16,0.992708874098054,-0.12053668025532288,119,225,1,0,0
47,5.602118820879701,1,0,0,0,0,0,1,0,1,1,0,0,1,0,0,1,0,0,1,0,0,1.887390630978784,0.8660254037844387,-0.4999999999999998,0.992708874098054,-0.12053668025532288,28,121,0,0,0
48,6.966967138613983,1,0,0,0,1,0,0,1,0,1,0,0,1,0,0,1,0,0,1,0,0,2.075303885702134,0.49999999999999994,-0.8660254037844387,0.992708874098054,-0.12053668025532288,39,225,1,0,0
49,9.798737961337055,0,0,0,1,0,0,1,1,0,1,0,0,1,0,0,1,0,0,1,0,0,2.379429271870292,-1.0,-1.8369701987210297e-16,0.992708874098054,-0.12053668025532288,95,225,0,0,1
50,8.74209519574531,0,0,0,1,1,0,0,1,0,1,0,0,1,0,0,1,0,0,1,0,0,2.276456207020586,-0.5000000000000004,0.8660254037844384,0.992708874098054,-0.12053668025532288,69,225,0,1,0
51,9.265869681768663,1,0,0,0,0,0,1,0,1,1,0,0,1,0,0,1,0,0,1,0,0,2.3288247698990228,-0.4999999999999997,-0.8660254037844388,0.8854560256532099,0.4647231720437686,25,230,0,0,1
52,6.111467339502679,0,0,0,1,0,0,1,0,1,1,0,0,1,0,0,1,0,0,1,0,0,1.9617085993863232,0.8660254037844387,-0.4999999999999998,-1.0,-1.8369701987210297e-16,16,252,0,0,0
53,10.320914169043537,1,0,0,0,0,0,1,1,0,1,0,0,1,0,0,1,0,0,1,0,0,2.426651826497012,-1.0,-1.8369701987210297e-16,0.992708874098054,-0.12053668025532288,23,225,0,0,1
54,8.877800393882575,0,0,0,1,0,0,1,0,1,0,1,0,0,1,0,0,1,0,0,1,0,2.29028985477543,-0.8660254037844385,-0.5000000000000004,0.5680647467311558,0.8229838658936564,12,130,0,0,1
55,6.580639137284949,1,0,0,0,1,0,0,1,0,1,0,0,1,0,0,1,0,0,1,0,0,2.025597515002669,-0.5000000000000004,0.8660254037844384,0.992708874098054,-0.12053668025532288,129,225,0,0,0
56,8.798001694924846,0,0,0,1,0,0,1,0,1,0,0,1,0,0,1,0,0,1,0,0,1,2.2821784562031864,1.0,6.123233995736766e-17,0.9350162426854148,0.35460488704253557,41,73,0,1,0
57,6.042632833682381,0,0,0,1,0,0,1,1,0,1,0,0,1,0,0,1,0,0,1,0,0,1.9519820823132483,1.2246467991473532e-16,-1.0,0.992708874098054,-0.12053668025532288,14,225,0,0,0
58,8.901230352110781,1,0,0,0,0,0,1,0,1,1,0,0,1,0,0,1,0,0,1,0,0,2.2926590274096625,0.49999999999999994,-0.8660254037844387,-0.12053668025532283,-0.992708874098054,87,160,0,0,1
59,7.951911381854188,1,0,0,0,0,0,1,0,1,1,0,0,1,0,0,1,0,0,1,0,0,2.191867071703945,1.2246467991473532e-16,-1.0,0.992708874098054,-0.12053668025532288,98,225,0,1,0
60,8.61993026886735,0,0,0,1,0,0,1,1,0,1,0,0,1,0,0,1,0,0,1,0,0,2.2638370160928565,-0.8660254037844386,0.5000000000000001,0.992708874098054,-0.12053668025532288,70,225,0,1,0
61,5.860786223465865,1,0,0,0,0,0,1,0,1,1,0,0,1,0,0,1,0,0,1,0,0,1.9258220450052628,-2.4492935982947064e-16,1.0,0.12053668025532305,0.992708874098054,92,186,0,0,0
62,7.62608275807238,1,0,0,0,1,0,0,1,0,1,0,0,1,0,0,1,0,0,1,0,0,2.154790492206105,-1.0,-1.8369701987210297e-16,0.992708874098054,-0.12053668025532288,23,225,1,0,0
63,8.216358332386156,0,0,1,0,0,0,1,0,1,0,1,0,0,1,0,0,1,0,0,1,0,2.2209799847499845,1.2246467991473532e-16,-1.0,0.8229838658936565,-0.5680647467311557,62,273,0,1,0
64,10.023978030870753,0,0,0,1,0,0,1,0,1,1,0,0,1,0,0,1,0,0,1,0,0,2.4000727214237756,-1.0,-1.8369701987210297e-16,0.992708874098054,-0.12053668025532288,23,121,0,0,1
65,9.535390480896702,1,0,0,0,0,0,1,0,1,1,0,0,1,0,0,1,0,0,1,0,0,2.3547401116757323,0.49999999999999994,-0.8660254037844387,0.12053668025532305,0.992708874098054,63,186,0,0,1
66,8.94389780251682,0,0,0,1,1,0,0,0,1,1,0,0,1,0,0,1,0,0,1,0,0,2.2969590768543937,-1.0,-1.8369701987210297e-16,-0.970941817426052,-0.23931566428755774,23,306,0,0,1
67,6.018593214496234,1,0,0,0,0,0,1,1,0,1,0,0,1,0,0,1,0,0,1,0,0,1.9485628011601908,0.8660254037844386,0.5000000000000001,0.992708874098054,-0.12053668025532288,114,225,0,0,0
68,5.525452939131784,1,0,0,0,0,0,1,0,1,0,0,1,0,0,1,0,0,1,0,0,1,1.8757103667584751,-1.0,-1.8369701987210297e-16,-0.8854560256532096,-0.4647231720437691,23,152,0,0,0
69,7.030857476116121,0,0,1,0,0,0,1,0,1,1,0,0,1,0,0,1,0,0,1,0,0,2.0832913063318936,-1.0,-1.8369701987210297e-16,-0.992708874098054,0.1205366802553232,23,199,1,0,0
70,8.484876589939695,0,0,1,0,0,0,1,1,0,1,0,0,1,0,0,1,0,0,1,0,0,2.2496985922258643,-1.0,-1.8369701987210297e-16,0.992708874098054,-0.12053668025532288,23,225,0,1,0
71,9.770013301136158,1,0,0,0,1,0,0,0,1,0,0,1,0,0,1,0,0,1,0,0,1,2.3767657261848196,-0.8660254037844385,-0.5000000000000004,-0.970941817426052,-0.23931566428755774,84,306,0,0,1
72,7.696667081526462,1,0,0,0,1,0,0,0,1,1,0,0,1,0,0,1,0,0,1,0,0,2.1629398581838375,-2.4492935982947064e-16,1.0,1.0,-1.6081226496766366e-16,68,278,1,0,0
73,7.409136443920128,1,0,0,0,0,0,1,1,0,1,0,0,1,0,0,1,0,0,1,0,0,2.129318786658012,-1.0,-1.8369701987210297e-16,0.992708874098054,-0.12053668025532288,83,225,1,0,0
74,5.802118375377063,1,0,0,0,1,0,0,1,0,1,0,0,1,0,0,1,0,0,1,0,0,1.9172340894587216,-1.0,-1.8369701987210297e-16,0.992708874098054,-0.12053668025532288,23,225,0,0,0
75,10.018644921923576,0,0,0,1,0,0,1,1,0,1,0,0,1,0,0,1,0,0,1,0,0,2.3995888308212225,-2.4492935982947064e-16,1.0,0.992708874098054,-0.12053668025532288,20,225,0,0,1
76,9.901535648810883,0,0,0,1,0,0,1,1,0,1,0,0,1,0,0,1,0,0,1,0,0,2.388903664523716,1.0,6.123233995736766e-17,0.992708874098054,-0.12053668025532288,113,225,0,0,1
77,6.994849985833071,0,0,0,1,0,0,1,0,1,1,0,0,1,0,0,1,0,0,1,0,0,2.0787975826118283,-0.8660254037844385,-0.5000000000000004,0.9350162426854148,0.35460488704253557,72,73,1,0,0
78,8.163656176168432,1,0,0,0,1,0,0,0,1,0,1,0,0,1,0,0,1,0,0,1,0,2.215245244918433,-0.5000000000000004,0.8660254037844384,0.5680647467311558,0.8229838658936564,105,130,0,1,0
79,8.108021221376747,1,0,0,0,1,0,0,1,0,1,0,0,1,0,0,1,0,0,1,0,0,2.2091554781698752,-1.0,-1.8369701987210297e-16,0.992708874098054,-0.12053668025532288,23,225,0,1,0
80,8.976009475021396,0,0,0,1,1,0,0,1,0,1,0,0,1,0,0,1,0,0,1,0,0,2.3001831581589,-1.0,-1.8369701987210297e-16,0.992708874098054,-0.12053668025532288,23,225,0,0,1
81,7.771067086065406,1,0,0,0,1,0,0,0,1,1,0,0,1,0,0,1,0,0,1,0,0,2.171458473562204,1.0,6.123233995736766e-17,-0.992708874098054,0.1205366802553232,53,43,0,1,0
82,10.016414371391338,1,0,0,0,1,0,0,0,1,1,0,0,1,0,0,1,0,0,1,0,0,2.399386376132069,0.8660254037844387,-0.4999999999999998,-0.970941817426052,-0.23931566428755774,88,306,0,0,1
83,7.905072849498666,1,0,0,0,1,0,0,1,0,1,0,0,1,0,0,1,0,0,1,0,0,2.1866210974491698,-1.0,-1.8369701987210297e-16,0.992708874098054,-0.12053668025532288,23,225,0,1,0
84,9.376786579611847,1,0,0,0,0,0,1,1,0,1,0,0,1,0,0,1,0,0,1,0,0,2.3395712517364826,-0.8660254037844385,-0.5000000000000004,0.992708874098054,-0.12053668025532288,12,225,0,0,1
85,7.534228326274089,0,1,0,0,1,0,0,1,0,1,0,0,1,0,0,1,0,0,1,0,0,2.144084939302921,-0.8660254037844386,0.5000000000000001,0.992708874098054,-0.12053668025532288,46,225,1,0,0
86,6.175867270105761,1,0,0,0,1,0,0,0,1,1,0,0,1,0,0,1,0,0,1,0,0,1.9707236282233618,0.8660254037844386,0.5000000000000001,-0.5680647467311556,-0.8229838658936566,126,104,0,0,0
87,6.329720905522696,1,0,0,0,1,0,0,1,0,1,0,0,1,0,0,1,0,0,1,0,0,1.9919374395287388,-2.4492935982947064e-16,1.0,0.992708874098054,-0.12053668025532288,56,225,0,0,0
88,9.2771575450135,1,0,0,0,1,0,0,1,0,1,0,0,1,0,0,1,0,0,1,0,0,2.3299237183895487,-0.8660254037844386,0.5000000000000001,0.992708874098054,-0.12053668025532288,118,225,0,0,1
89,7.7752758464868625,1,0,0,0,1,0,0,0,1,1,0,0,1,0,0,1,0,0,1,0,0,2.171938204354923,-0.4999999999999997,-0.8660254037844388,-0.992708874098054,0.1205366802553232,133,43,0,1,0
90,5.802118375377063,1,0,0,0,1,0,0,1,0,1,0,0,1,0,0,1,0,0,1,0,0,1.9172340894587216,-0.5000000000000004,0.8660254037844384,0.992708874098054,-0.12053668025532288,93,225,0,0,0
91,7.787796878181171,0,0,1,0,1,0,0,0,1,1,0,0,1,0,0,1,0,0,1,0,0,2.1733640407119066,-1.0,-1.8369701987210297e-16,-0.8854560256532096,-0.4647231720437691,23,204,0,1,0
92,5.484796933490655,0,0,1,0,1,0,0,0,1,0,1,0,0,1,0,0,1,0,0,1,0,1.8694605040153234,-1.0,-1.8369701987210297e-16,-0.7485107481711011,0.6631226582407952,23,298,0,0,0
93,9.722624930978418,1,0,0,0,1,0,0,0,1,1,0,0,1,0,0,1,0,0,1,0,0,2.372355988633018,-1.0,-1.8369701987210297e-16,0.992708874098054,-0.12053668025532288,23,225,0,0,1
94,9.590214130417438,0,0,0,1,0,0,1,1,0,1,0,0,1,0,0,1,0,0,1,0,0,2.359930379467196,-1.0,-1.8369701987210297e-16,0.992708874098054,-0.12053668025532288,23,225,0,0,1
95,7.544861068658458,1,0,0,0,1,0,0,1,0,1,0,0,1,0,0,1,0,0,1,0,0,2.145330057647603,-0.8660254037844386,0.5000000000000001,0.992708874098054,-0.12053668025532288,10,225,1,0,0
96,9.080345575359996,1,0,0,0,1,0,0,0,1,1,0,0,1,0,0,1,0,0,1,0,0,2.3105875453254057,0.8660254037844386,0.5000000000000001,-0.970941817426052,-0.23931566428755774,126,306,0,0,1
97,9.10286651367095,0,0,0,1,0,0,1,1,0,1,0,0,1,0,0,1,0,0,1,0,0,2.312819196814604,-1.0,-1.8369701987210297e-16,0.992708874098054,-0.12053668025532288,23,225,0,0,1
98,9.625161575008372,0,0,0,1,0,0,1,0,1,1,0,0,1,0,0,1,0,0,1,0,0,2.363224921754466,-2.4492935982947064e-16,1.0,0.12053668025532305,0.992708874098054,104,186,0,0,1
99,7.616283561580385,0,0,1,0,0,0,1,0,1,0,0,1,0,0,1,0,0,1,0,0,1,2.153653850359465,-0.5000000000000004,0.8660254037844384,0.46472317204376906,-0.8854560256532096,141,165,1,0,0
100,9.794286337492364,0,0,0,1,1,0,0,1,0,1,0,0,1,0,0,1,0,0,1,0,0,2.379016951312861,-1.0,-1.8369701987210297e-16,0.992708874098054,-0.12053668025532288,23,225,0,0,1
101,7.80016307039296,0,0,0,1,0,0,1,0,1,0,0,1,0,0,1,0,0,1,0,0,1,2.174770252038942,-1.0,-1.8369701987210297e-16,0.46472317204376906,-0.8854560256532096,23,165,0,1,0
102,5.017279836814924,1,0,0,0,1,0,0,0,1,0,0,1,0,0,1,0,0,1,0,0,1,1.7946353028541102,-2.4492935982947064e-16,1.0,0.9350162426854148,0.35460488704253557,92,73,0,0,0
103,8.558527054909215,0,0,0,1,0,0,1,1,0,1,0,0,1,0,0,1,0,0,1,0,0,2.2574336414384635,0.49999999999999994,-0.8660254037844387,0.992708874098054,-0.12053668025532288,3,225,0,1,0
104,5.968707559985366,1,0,0,0,1,0,0,1,0,1,0,0,1,0,0,1,0,0,1,0,0,1.9414297785949048,1.2246467991473532e-16,-1.0,0.992708874098054,-0.12053668025532288,74,225,0,0,0
105,8.730851903519232,1,0,0,0,0,0,1,0,1,0,0,1,0,0,1,0,0,1,0,0,1,2.2753014466837813,-1.0,-1.8369701987210297e-16,0.35460488704253584,-0.9350162426854147,23,112,0,1,0
106,7.237778191923443,1,0,0,0,1,0,0,1,0,1,0,0,1,0,0,1,0,0,1,0,0,2.10873067066032,-0.8660254037844385,-0.5000000000000004,0.992708874098054,-0.12053668025532288,24,225,1,0,0
107,7.565793282428515,1,0,0,0,1,0,0,1,0,1,0,0,1,0,0,1,0,0,1,0,0,2.1477767465681716,-1.0,-1.8369701987210297e-16,0.992708874098054,-0.12053668025532288,71,225,1,0,0
108,7.692113339595466,0,0,0,1,0,0,1,1,0,1,0,0,1,0,0,1,0,0,1,0,0,2.1624161018392503,-1.0,-1.8369701987210297e-16,0.992708874098054,-0.12053668025532288,143,225,1,0,0
109,8.101980731853192,1,0,0,0,0,0,1,1,0,1,0,0,1,0,0,1,0,0,1,0,0,2.2084920526786953,-0.5000000000000004,0.8660254037844384,0.992708874098054,-0.12053668025532288,57,225,0,1,0
110,10.749162668413938,1,0,0,0,0,0,1,1,0,1,0,0,1,0,0,1,0,0,1,0,0,2.463781975788249,0.8660254037844387,-0.4999999999999998,0.992708874098054,-0.12053668025532288,28,225,0,0,1
111,8.973478148521036,0,0,0,1,0,0,1,0,1,1,0,0,1,0,0,1,0,0,1,0,0,2.299929384572158,-1.0,-1.8369701987210297e-16,-0.970941817426052,-0.23931566428755774,23,306,0,0,1
112,7.396948602621014,1,0,0,0,1,0,0,1,0,1,0,0,1,0,0,1,0,0,1,0,0,2.127868378261056,-1.0,-1.8369701987210297e-16,0.992708874098054,-0.12053668025532288,71,225,1,0,0
113,9.948986592607346,0,0,0,1,0,0,1,1,0,1,0,0,1,0,0,1,0,0,1,0,0,2.3932469033592882,-0.5000000000000004,0.8660254037844384,0.992708874098054,-0.12053668025532288,189,225,0,0,1
114,8.414274137408396,0,0,1,0,1,0,0,0,1,0,0,1,0,0,1,0,0,1,0,0,1,2.2422270627385648,-1.0,-1.8369701987210297e-16,-0.4647231720437684,0.88545602565321,23,191,0,1,0
115,8.655388690167637,0,0,0,1,0,0,1,0,1,1,0,0,1,0,0,1,0,0,1,0,0,2.267516172984975,0.8660254037844387,-0.4999999999999998,-0.992708874098054,0.1205366802553232,100,43,0,1,0
116,6.523562306149512,1,0,0,0,1,0,0,1,0,1,0,0,1,0,0,1,0,0,1,0,0,2.0180397367202874,0.8660254037844387,-0.4999999999999998,0.992708874098054,-0.12053668025532288,28,225,0,0,0
117,8.146419323098003,1,0,0,0,1,0,0,1,0,1,0,0,1,0,0,1,0,0,1,0,0,2.2133624718885856,-1.0,-1.8369701987210297e-16,0.992708874098054,-0.12053668025532288,47,225,0,1,0
118,8.183397369998433,0,0,0,1,0,0,1,1,0,1,0,0,1,0,0,1,0,0,1,0,0,2.217397220046077,-1.0,-1.8369701987210297e-16,0.992708874098054,-0.12053668025532288,35,225,0,1,0
119,7.650168700845001,1,0,0,0,0,0,1,1,0,1,0,0,1,0,0,1,0,0,1,0,0,2.1575788237414684,0.8660254037844386,0.5000000000000001,0.992708874098054,-0.12053668025532288,66,225,1,0,0
120,7.736743682453495,0,0,0,1,1,0,0,0,1,1,0,0,1,0,0,1,0,0,1,0,0,2.1675375438653024,-2.4492935982947064e-16,1.0,-0.970941817426052,-0.23931566428755774,8,306,1,0,0
121,8.18060094759445,1,0,0,0,1,0,0,0,1,0,0,1,0,0,1,0,0,1,0,0,1,2.2170926651907306,-0.5000000000000004,0.8660254037844384,-0.9350162426854147,-0.3546048870425359,69,99,0,1,0
122,10.972688194801409,1,0,0,0,0,0,1,1,0,1,0,0,1,0,0,1,0,0,1,0,0,2.482628072033735,0.8660254037844387,-0.4999999999999998,0.992708874098054,-0.12053668025532288,28,225,0,0,1
123,9.726810038127258,1,0,0,0,1,0,0,1,0,1,0,0,1,0,0,1,0,0,1,0,0,2.3727462186980968,-1.0,-1.8369701987210297e-16,0.992708874098054,-0.12053668025532288,47,225,0,0,1
124,7.252053951852814,1,0,0,0,1,0,0,1,0,1,0,0,1,0,0,1,0,0,1,0,0,2.1104621332211777,0.8660254037844387,-0.4999999999999998,0.992708874098054,-0.12053668025532288,148,225,1,0,0
125,6.634633357861686,1,0,0,0,1,0,0,1,0,1,0,0,1,0,0,1,0,0,1,0,0,2.032694916281349,-2.4492935982947064e-16,1.0,0.992708874098054,-0.12053668025532288,116,225,1,0,0
126,8.12296471523406,0,0,0,1,1,0,0,0,1,0,1,0,0,1,0,0,1,0,0,1,0,2.2107948296844846,-0.8660254037844386,0.5000000000000001,0.8229838658936565,-0.5680647467311557,10,221,0,1,0
127,7.208600337960199,0,0,0,1,1,0,0,0,1,1,0,0,1,0,0,1,0,0,1,0,0,2.105182426343464,-2.4492935982947064e-16,1.0,1.0,-1.6081226496766366e-16,116,278,1,0,0
128,7.601402334583733,0,0,0,1,0,0,1,0,1,1,0,0,1,0,0,1,0,0,1,0,0,2.1519252521271723,-1.0,-1.8369701987210297e-16,0.12053668025532305,0.992708874098054,23,134,1,0,0
129,7.808323050391055,1,0,0,0,1,0,0,0,1,1,0,0,1,0,0,1,0,0,1,0,0,2.175697075676845,-1.0,-1.8369701987210297e-16,0.992708874098054,-0.12053668025532288,23,225,0,1,0
130,6.803505257608338,0,0,1,0,1,0,0,0,1,1,0,0,1,0,0,1,0,0,1,0,0,2.0545730247502716,-1.0,-1.8369701987210297e-16,1.0,-1.6081226496766366e-16,23,278,1,0,0
131,6.825460036255307,0,0,1,0,1,0,0,1,0,1,0,0,1,0,0,1,0,0,1,0,0,2.057382525273877,-0.4999999999999997,-0.8660254037844388,0.992708874098054,-0.12053668025532288,1,225,1,0,0
132,6.947937068614969,0,0,0,1,0,0,1,0,1,1,0,0,1,0,0,1,0,0,1,0,0,2.072912406768814,-1.0,-1.8369701987210297e-16,-0.12053668025532283,-0.992708874098054,23,160,1,0,0
133,5.602118820879701,1,0,0,0,1,0,0,0,1,0,0,1,0,0,1,0,0,1,0,0,1,1.887390630978784,-0.8660254037844385,-0.5000000000000004,0.9350162426854148,0.35460488704253557,24,73,0,0,0
134,7.090909822079984,1,0,0,0,1,0,0,1,0,1,0,0,1,0,0,1,0,0,1,0,0,2.0907411873032014,-1.0,-1.8369701987210297e-16,0.992708874098054,-0.12053668025532288,83,225,1,0,0
135,8.55468163582723,0,0,0,1,1,0,0,0,1,1,0,0,1,0,0,1,0,0,1,0,0,2.2570312580191128,-1.0,-1.8369701987210297e-16,0.12053668025532305,0.992708874098054,23,134,0,1,0
136,7.696667081526462,1,0,0,0,0,0,1,0,1,0,1,0,0,1,0,0,1,0,0,1,0,2.1629398581838375,-2.4492935982947064e-16,1.0,0.46472317204376906,-0.8854560256532096,56,165,1,0,0
137,7.456454555176209,1,0,0,0,1,0,0,0,1,1,0,0,1,0,0,1,0,0,1,0,0,2.134930002465673,-0.4999999999999997,-0.8660254037844388,-0.992708874098054,0.1205366802553232,1,43,1,0,0
138,10.14096783995039,1,0,0,0,0,0,1,1,0,1,0,0,1,0,0,1,0,0,1,0,0,2.410629110433608,-0.8660254037844386,0.5000000000000001,0.992708874098054,-0.12053668025532288,10,225,0,0,1
139,7.438971592395862,1,0,0,0,1,0,0,0,1,1,0,0,1,0,0,1,0,0,1,0,0,2.1328604519414474,0.49999999999999994,0.8660254037844387,0.992708874098054,-0.12053668025532288,91,225,1,0,0
140,6.994849985833071,1,0,0,0,0,0,1,0,1,1,0,0,1,0,0,1,0,0,1,0,0,2.0787975826118283,-0.4999999999999997,-0.8660254037844388,0.12053668025532305,0.992708874098054,61,134,1,0,0
141,7.340186835320115,0,0,1,0,0,0,1,0,1,0,0,1,0,0,1,0,0,1,0,0,1,2.121085618436288,-1.0,-1.8369701987210297e-16,0.46472317204376906,-0.8854560256532096,23,165,1,0,0
142,6.994849985833071,1,0,0,0,1,0,0,1,0,1,0,0,1,0,0,1,0,0,1,0,0,2.0787975826118283,-0.4999999999999997,-0.8660254037844388,0.992708874098054,-0.12053668025532288,157,225,1,0,0
143,7.983098940710892,0,0,0,1,1,0,0,1,0,1,0,0,1,0,0,1,0,0,1,0,0,2.195344916403367,-2.4492935982947064e-16,1.0,0.992708874098054,-0.12053668025532288,152,225,0,1,0
144,9.715409458629791,1,0,0,0,0,0,1,1,0,1,0,0,1,0,0,1,0,0,1,0,0,2.3716828417866274,-1.0,-1.8369701987210297e-16,0.992708874098054,-0.12053668025532288,23,225,0,0,1
145,5.638354669333745,1,0,0,0,1,0,0,0,1,0,1,0,0,1,0,0,1,0,0,1,0,1.8928641420201489,-1.0,-1.8369701987210297e-16,-0.7485107481711011,0.6631226582407952,23,298,0,0,0
146,8.993551586299981,0,0,0,1,0,0,1,0,1,1,0,0,1,0,0,1,0,0,1,0,0,2.301940043624425,-0.8660254037844386,0.5000000000000001,-0.4647231720437684,0.88545602565321,646,139,0,0,1
147,9.052633375946147,0,0,0,1,0,0,1,1,0,1,0,0,1,0,0,1,0,0,1,0,0,2.307834627639214,-1.0,-1.8369701987210297e-16,0.992708874098054,-0.12053668025532288,23,225,0,0,1
148,7.645397699428633,1,0,0,0,1,0,0,1,0,1,0,0,1,0,0,1,0,0,1,0,0,2.1570271214812515,-2.4492935982947064e-16,1.0,0.992708874098054,-0.12053668025532288,80,225,1,0,0
149,7.867488568699128,0,0,0,1,1,0,0,0,1,1,0,0,1,0,0,1,0,0,1,0,0,2.1823916185415078,-0.4999999999999997,-0.8660254037844388,0.992708874098054,-0.12053668025532288,109,225,0,1,0
150,10.36819593668493,0,0,1,0,0,0,1,1,0,1,0,0,1,0,0,1,0,0,1,0,0,2.4308196264559876,1.0,6.123233995736766e-17,0.992708874098054,-0.12053668025532288,65,225,0,0,1
151,8.380456667842767,0,0,0,1,0,0,1,1,0,1,0,0,1,0,0,1,0,0,1,0,0,2.238628447104128,-0.8660254037844386,0.5000000000000001,0.992708874098054,-0.12053668025532288,118,225,0,1,0
152,7.484930283289661,1,0,0,0,1,0,0,1,0,1,0,0,1,0,0,1,0,0,1,0,0,2.1382916821868667,-1.0,-1.8369701987210297e-16,0.992708874098054,-0.12053668025532288,23,225,1,0,0
153,9.695294188174604,1,0,0,0,1,0,0,0,1,0,1,0,0,1,0,0,1,0,0,1,0,2.3698038492317557,-0.8660254037844386,0.5000000000000001,0.8229838658936565,-0.5680647467311557,178,221,0,0,1
154,9.706316282491835,0,0,0,1,0,0,1,1,0,1,0,0,1,0,0,1,0,0,1,0,0,2.37083387408029,-1.0,-1.8369701987210297e-16,0.992708874098054,-0.12053668025532288,23,225,0,0,1
155,8.02322468471667,0,0,0,1,1,0,0,0,1,1,0,0,1,0,0,1,0,0,1,0,0,2.1998017740341127,-1.0,-1.8369701987210297e-16,-0.8854560256532096,-0.4647231720437691,23,256,0,1,0
156,7.611347717403621,1,0,0,0,1,0,0,0,1,0,0,1,0,0,1,0,0,1,0,0,1,2.153080835505375,0.8660254037844386,0.5000000000000001,0.992708874098054,-0.12053668025532288,54,225,1,0,0
157,7.989899374942939,1,0,0,0,0,0,1,1,0,1,0,0,1,0,0,1,0,0,1,0,0,2.1961016554223263,-0.8660254037844386,0.5000000000000001,0.992708874098054,-0.12053668025532288,130,225,0,1,0
158,9.379323364330956,0,0,0,1,0,0,1,0,1,0,1,0,0,1,0,0,1,0,0,1,0,2.3398156891323714,-1.0,-1.8369701987210297e-16,-0.5680647467311556,-0.8229838658936566,23,312,0,0,1
159,9.051461866908694,0,0,0,1,1,0,0,1,0,1,0,0,1,0,0,1,0,0,1,0,0,2.307718083320793,1.0,6.123233995736766e-17,0.992708874098054,-0.12053668025532288,29,225,0,0,1
160,9.747476810531971,0,0,0,1,0,0,1,1,0,1,0,0,1,0,0,1,0,0,1,0,0,2.3746710117243732,-0.5000000000000004,0.8660254037844384,0.992708874098054,-0.12053668025532288,117,225,0,0,1
161,7.996653875462607,1,0,0,0,0,0,1,1,0,1,0,0,1,0,0,1,0,0,1,0,0,2.1968527165893152,1.0,6.123233995736766e-17,0.992708874098054,-0.12053668025532288,125,225,0,1,0
162,8.58316818033977,0,0,0,1,0,0,1,0,1,1,0,0,1,0,0,1,0,0,1,0,0,2.2600082450709036,1.0,6.123233995736766e-17,1.0,-1.6081226496766366e-16,41,278,0,1,0
163,7.300472814267799,1,0,0,0,1,0,0,1,0,1,0,0,1,0,0,1,0,0,1,0,0,2.116312478754509,0.8660254037844387,-0.4999999999999998,0.992708874098054,-0.12053668025532288,76,225,1,0,0
164,7.057036981697891,1,0,0,0,1,0,0,0,1,1,0,0,1,0,0,1,0,0,1,0,0,2.086545868792951,-1.0,-1.8369701987210297e-16,1.0,-1.6081226496766366e-16,119,278,1,0,0
165,8.221747728346623,1,0,0,0,1,0,0,0,1,1,0,0,1,0,0,1,0,0,1,0,0,2.2215645779935858,0.8660254037844387,-0.4999999999999998,1.0,-1.6081226496766366e-16,124,278,0,1,0
166,4.61512051684126,1,0,0,0,0,0,1,0,1,1,0,0,1,0,0,1,0,0,1,0,0,1.7254630513334037,0.8660254037844387,-0.4999999999999998,-0.5680647467311556,-0.8229838658936566,16,104,0,0,0
167,4.948759890378168,1,0,0,0,1,0,0,1,0,1,0,0,1,0,0,1,0,0,1,0,0,1.783182776049518,0.8660254037844387,-0.4999999999999998,0.992708874098054,-0.12053668025532288,88,225,0,0,0
168,9.43675855582405,1,0,0,0,1,0,0,1,0,1,0,0,1,0,0,1,0,0,1,0,0,2.3453340510860015,-1.0,-1.8369701987210297e-16,0.992708874098054,-0.12053668025532288,23,225,0,0,1
169,6.888572459565364,0,0,0,1,1,0,0,0,1,0,1,0,0,1,0,0,1,0,0,1,0,2.065415188141318,-0.4999999999999997,-0.8660254037844388,0.8229838658936565,-0.5680647467311557,13,65,1,0,0
170,6.976348070447749,1,0,0,0,1,0,0,0,1,1,0,0,1,0,0,1,0,0,1,0,0,2.076480671432496,0.49999999999999994,-0.8660254037844387,0.992708874098054,-0.12053668025532288,3,225,1,0,0
171,7.878912912297133,1,0,0,0,1,0,0,1,0,1,0,0,1,0,0,1,0,0,1,0,0,2.183679129723806,-1.0,-1.8369701987210297e-16,0.992708874098054,-0.12053668025532288,23,225,0,1,0
172,4.709530201312334,1,0,0,0,1,0,0,0,1,1,0,0,1,0,0,1,0,0,1,0,0,1.742136743805324,-1.0,-1.8369701987210297e-16,-0.992708874098054,0.1205366802553232,23,43,0,0,0
173,5.860786223465865,1,0,0,0,1,0,0,1,0,1,0,0,1,0,0,1,0,0,1,0,0,1.9258220450052628,-2.4492935982947064e-16,1.0,0.992708874098054,-0.12053668025532288,32,225,0,0,0
174,9.4796802501801,1,0,0,0,1,0,0,0,1,1,0,0,1,0,0,1,0,0,1,0,0,2.3494381679484437,-1.0,-1.8369701987210297e-16,0.46472317204376906,-0.8854560256532096,23,165,0,0,1
175,8.326274787396764,0,0,1,0,1,0,0,1,0,1,0,0,1,0,0,1,0,0,1,0,0,2.232835662609653,-1.0,-1.8369701987210297e-16,0.992708874098054,-0.12053668025532288,23,225,0,1,0
176,8.235095497258357,1,0,0,0,1,0,0,1,0,1,0,0,1,0,0,1,0,0,1,0,0,2.223010954394528,-1.0,-1.8369701987210297e-16,0.992708874098054,-0.12053668025532288,23,225,0,1,0
177,7.131698510466912,1,0,0,0,1,0,0,0,1,0,1,0,0,1,0,0,1,0,0,1,0,2.095769820615829,0.8660254037844386,0.5000000000000001,0.5680647467311558,0.8229838658936564,138,130,1,0,0
178,7.444833273892193,0,0,0,1,1,0,0,1,0,1,0,0,1,0,0,1,0,0,1,0,0,2.1335548074825423,-1.0,-1.8369701987210297e-16,0.992708874098054,-0.12053668025532288,23,225,1,0,0
179,6.175867270105761,1,0,0,0,0,0,1,1,0,1,0,0,1,0,0,1,0,0,1,0,0,1.9707236282233618,-1.0,-1.8369701987210297e-16,0.992708874098054,-0.12053668025532288,23,225,0,0,0
180,8.665785595466064,0,0,0,1,1,0,0,1,0,1,0,0,1,0,0,1,0,0,1,0,0,2.2685923918677653,-1.0,-1.8369701987210297e-16,0.992708874098054,-0.12053668025532288,59,225,0,1,0
181,9.442324727955874,1,0,0,0,1,0,0,0,1,1,0,0,1,0,0,1,0,0,1,0,0,2.345867232757633,1.0,6.123233995736766e-17,0.992708874098054,-0.12053668025532288,29,225,0,0,1
182,7.237778191923443,0,0,0,1,0,0,1,0,1,0,0,1,0,0,1,0,0,1,0,0,1,2.10873067066032,-1.0,-1.8369701987210297e-16,0.8854560256532099,0.4647231720437686,23,230,1,0,0
183,9.176886995716965,1,0,0,0,1,0,0,1,0,1,0,0,1,0,0,1,0,0,1,0,0,2.3201191682586857,-1.0,-1.8369701987210297e-16,0.992708874098054,-0.12053668025532288,23,225,0,0,1
184,8.177796683277778,0,0,0,1,0,0,1,1,0,1,0,0,1,0,0,1,0,0,1,0,0,2.216787163109899,-1.0,-1.8369701987210297e-16,0.992708874098054,-0.12053668025532288,23,225,0,1,0
185,7.528869256642251,0,0,0,1,0,0,1,1,0,1,0,0,1,0,0,1,0,0,1,0,0,2.143456791947846,0.49999999999999994,-0.8660254037844387,0.992708874098054,-0.12053668025532288,3,225,1,0,0
186,5.673323267171493,1,0,0,0,1,0,0,0,1,1,0,0,1,0,0,1,0,0,1,0,0,1.898117976801967,-0.8660254037844386,0.5000000000000001,-0.992708874098054,0.1205366802553232,46,43,0,0,0
187,9.871016012389166,1,0,0,0,0,0,1,1,0,1,0,0,1,0,0,1,0,0,1,0,0,2.386100166166153,-1.0,-1.8369701987210297e-16,0.992708874098054,-0.12053668025532288,23,225,0,0,1
188,6.746412128573375,0,0,0,1,1,0,0,0,1,0,1,0,0,1,0,0,1,0,0,1,0,2.0472297850184633,-1.0,-1.8369701987210297e-16,0.8229838658936565,-0.5680647467311557,23,221,1,0,0
189,8.658866349732383,0,0,0,1,1,0,0,1,0,1,0,0,1,0,0,1,0,0,1,0,0,2.2678762862376107,-0.4999999999999997,-0.8660254037844388,0.992708874098054,-0.12053668025532288,13,225,0,1,0
190,7.293697720601438,1,0,0,0,1,0,0,0,1,1,0,0,1,0,0,1,0,0,1,0,0,2.115495915609207,-2.4492935982947064e-16,1.0,-0.992708874098054,0.1205366802553232,104,43,1,0,0
191,7.00397413672268,1,0,0,0,1,0,0,0,1,1,0,0,1,0,0,1,0,0,1,0,0,2.079938185422248,-0.8660254037844385,-0.5000000000000004,-0.992708874098054,0.1205366802553232,24,43,1,0,0
192,7.926963544862978,0,0,0,1,0,0,1,0,1,1,0,0,1,0,0,1,0,0,1,0,0,2.18907630849481,1.0,6.123233995736766e-17,-0.992708874098054,0.1205366802553232,89,43,0,1,0
193,6.255750041753367,1,0,0,0,1,0,0,1,0,1,0,0,1,0,0,1,0,0,1,0,0,1.9817942637290324,-1.0,-1.8369701987210297e-16,0.992708874098054,-0.12053668025532288,23,225,0,0,0
194,9.739261284011263,0,0,0,1,0,0,1,0,1,0,1,0,0,1,0,0,1,0,0,1,0,2.373906304965729,-1.0,-1.8369701987210297e-16,0.5680647467311558,0.8229838658936564,23,130,0,0,1
195,5.3981627015177525,1,0,0,0,0,0,1,1,0,1,0,0,1,0,0,1,0,0,1,0,0,1.85601087126303,-1.0,-1.8369701987210297e-16,0.992708874098054,-0.12053668025532288,23,225,0,0,0
196,8.25608813381491,0,0,1,0,1,0,0,0,1,1,0,0,1,0,0,1,0,0,1,0,0,2.2252815116497286,-0.5000000000000004,0.8660254037844384,0.992708874098054,-0.12053668025532288,117,225,0,1,0
197,8.345455428161928,0,0,1,0,1,0,0,1,0,1,0,0,1,0,0,1,0,0,1,0,0,2.2348901746758143,1.0,6.123233995736766e-17,0.992708874098054,-0.12053668025532288,5,225,0,1,0
198,5.673323267171493,1,0,0,0,1,0,0,0,1,1,0,0,1,0,0,1,0,0,1,0,0,1.898117976801967,-1.0,-1.8369701987210297e-16,1.0,-1.6081226496766366e-16,155,278,0,0,0
199,8.757940876678804,0,0,0,1,0,0,1,0,1,0,0,1,0,0,1,0,0,1,0,0,1,2.2780814024163645,-2.4492935982947064e-16,1.0,0.992708874098054,-0.12053668025532288,56,173,0,1,0
200,7.409136443920128,1,0,0,0,1,0,0,1,0,1,0,0,1,0,0,1,0,0,1,0,0,2.129318786658012,-0.8660254037844386,0.5000000000000001,0.992708874098054,-0.12053668025532288,178,225,1,0,0
201,9.91645313492615,0,0,0,1,1,0,0,0,1,0,0,1,0,0,1,0,0,1,0,0,1,2.390271113062412,-1.0,-1.8369701987210297e-16,0.8229838658936565,-0.5680647467311557,23,65,0,0,1
202,8.545002892055505,0,0,0,1,0,0,1,1,0,1,0,0,1,0,0,1,0,0,1,0,0,2.2560177601693367,0.49999999999999994,-0.8660254037844387,0.992708874098054,-0.12053668025532288,63,225,0,1,0
203,6.19644412779452,0,0,1,0,0,0,1,1,0,1,0,0,1,0,0,1,0,0,1,0,0,1.9735870328878404,-0.5000000000000004,0.8660254037844384,0.992708874098054,-0.12053668025532288,153,225,0,0,0
204,8.636042325254618,1,0,0,0,1,0,0,0,1,1,0,0,1,0,0,1,0,0,1,0,0,2.2655104771521333,-2.4492935982947064e-16,1.0,-0.992708874098054,0.1205366802553232,152,43,0,1,0
205,4.709530201312334,1,0,0,0,1,0,0,1,0,1,0,0,1,0,0,1,0,0,1,0,0,1.742136743805324,-2.4492935982947064e-16,1.0,0.992708874098054,-0.12053668025532288,92,225,0,0,0
206,5.942799375126701,1,0,0,0,0,0,1,0,1,1,0,0,1,0,0,1,0,0,1,0,0,1.9377050613615177,-1.0,-1.8369701987210297e-16,0.992708874098054,-0.12053668025532288,23,173,0,0,0
207,8.835064935031076,1,0,0,0,1,0,0,1,0,1,0,0,1,0,0,1,0,0,1,0,0,2.2859540542626506,-1.0,-1.8369701987210297e-16,0.992708874098054,-0.12053668025532288,23,225,0,1,0
208,5.707110264748875,0,0,1,0,1,0,0,1,0,1,0,0,1,0,0,1,0,0,1,0,0,1.9031681972312866,0.8660254037844387,-0.4999999999999998,0.992708874098054,-0.12053668025532288,112,225,0,0,0
209,9.365718869155696,1,0,0,0,0,0,1,0,1,1,0,0,1,0,0,1,0,0,1,0,0,2.3385040989247043,-1.0,-1.8369701987210297e-16,-0.5680647467311556,-0.8229838658936566,47,104,0,0,1
210,6.878326468291325,0,0,0,1,1,0,0,0,1,0,1,0,0,1,0,0,1,0,0,1,0,2.0641155041941834,-0.5000000000000004,0.8660254037844384,0.5680647467311558,0.8229838658936564,189,130,1,0,0
211,5.860786223465865,1,0,0,0,0,0,1,1,0,1,0,0,1,0,0,1,0,0,1,0,0,1.9258220450052628,-0.5000000000000004,0.8660254037844384,0.992708874098054,-0.12053668025532288,105,225,0,0,0
212,9.619199713152362,1,0,0,0,0,0,1,1,0,1,0,0,1,0,0,1,0,0,1,0,0,2.362663656397353,-1.0,-1.8369701987210297e-16,0.992708874098054,-0.12053668025532288,83,225,0,0,1
213,8.301769763117166,0,0,0,1,0,0,1,0,1,1,0,0,1,0,0,1,0,0,1,0,0,2.230204679164385,1.0,6.123233995736766e-17,0.12053668025532305,0.992708874098054,17,82,0,1,0
214,9.065430200180376,0,0,0,1,1,0,0,0,1,1,0,0,1,0,0,1,0,0,1,0,0,2.309106800372111,-0.4999999999999997,-0.8660254037844388,0.9350162426854148,0.35460488704253557,25,73,0,0,1
215,5.017279836814924,0,0,0,1,1,0,0,0,1,0,1,0,0,1,0,0,1,0,0,1,0,1.7946353028541102,-1.0,-1.8369701987210297e-16,-0.7485107481711011,0.6631226582407952,23,298,0,0,0
216,5.25227342804663,0,0,1,0,1,0,0,0,1,0,1,0,0,1,0,0,1,0,0,1,0,1.8329451460953283,-1.0,-1.8369701987210297e-16,-0.7485107481711011,0.6631226582407952,23,298,0,0,0
217,8.055475141757274,0,0,1,0,1,0,0,1,0,1,0,0,1,0,0,1,0,0,1,0,0,2.2033695628198258,-1.0,-1.8369701987210297e-16,0.992708874098054,-0.12053668025532288,23,225,0,1,0
218,6.46302945692067,1,0,0,0,0,0,1,0,1,0,0,1,0,0,1,0,0,1,0,0,1,2.0099614252030538,-1.0,-1.8369701987210297e-16,0.8854560256532099,0.4647231720437686,23,230,0,0,0
219,7.403061091090091,1,0,0,0,1,0,0,1,0,1,0,0,1,0,0,1,0,0,1,0,0,2.1285960550719913,0.8660254037844386,0.5000000000000001,0.992708874098054,-0.12053668025532288,30,225,1,0,0
220,6.90875477931522,1,0,0,0,1,0,0,1,0,1,0,0,1,0,0,1,0,0,1,0,0,2.067970345786057,-1.0,-1.8369701987210297e-16,0.992708874098054,-0.12053668025532288,83,225,1,0,0
221,9.512738628263644,0,0,0,1,0,0,1,1,0,1,0,0,1,0,0,1,0,0,1,0,0,2.3525877245195486,-1.0,-1.8369701987210297e-16,0.992708874098054,-0.12053668025532288,23,225,0,0,1
222,7.682943169878292,1,0,0,0,1,0,0,1,0,1,0,0,1,0,0,1,0,0,1,0,0,2.1613605460701373,-0.5000000000000004,0.8660254037844384,0.992708874098054,-0.12053668025532288,81,225,1,0,0
223,7.979681302387741,0,0,0,1,0,0,1,0,1,1,0,0,1,0,0,1,0,0,1,0,0,2.194964391972501,-0.8660254037844386,0.5000000000000001,-0.12053668025532283,-0.992708874098054,238,212,0,1,0
224,8.97853441008332,0,0,0,1,0,0,1,0,1,1,0,0,1,0,0,1,0,0,1,0,0,2.3004362268423972,-1.0,-1.8369701987210297e-16,0.12053668025532305,0.992708874098054,23,134,0,0,1
225,9.228278517107196,0,0,0,1,1,0,0,1,0,1,0,0,1,0,0,1,0,0,1,0,0,2.3251562879055863,0.49999999999999994,-0.8660254037844387,0.992708874098054,-0.12053668025532288,3,225,0,0,1
226,6.111467339502679,1,0,0,0,1,0,0,1,0,1,0,0,1,0,0,1,0,0,1,0,0,1.9617085993863232,-1.0,-1.8369701987210297e-16,0.992708874098054,-0.12053668025532288,23,225,0,0,0
227,7.771067086065406,1,0,0,0,1,0,0,1,0,1,0,0,1,0,0,1,0,0,1,0,0,2.171458473562204,-1.0,-1.8369701987210297e-16,0.992708874098054,-0.12053668025532288,23,225,0,1,0
228,9.287394001418471,0,0,0,1,0,0,1,0,1,0,1,0,0,1,0,0,1,0,0,1,0,2.3309192623212813,-1.0,-1.8369701987210297e-16,0.8229838658936565,-0.5680647467311557,23,221,0,0,1
229,9.764857469366598,0,0,0,1,0,0,1,0,1,1,0,0,1,0,0,1,0,0,1,0,0,2.376286890539784,0.8660254037844387,-0.4999999999999998,0.992708874098054,-0.12053668025532288,100,225,0,0,1
230,8.807022955925477,0,0,0,1,0,0,1,1,0,1,0,0,1,0,0,1,0,0,1,0,0,2.2830987571768406,-1.0,-1.8369701987210297e-16,0.992708874098054,-0.12053668025532288,23,225,0,1,0
231,8.253488028345904,0,0,0,1,0,0,1,0,1,0,1,0,0,1,0,0,1,0,0,1,0,2.2250005645914785,-0.8660254037844386,0.5000000000000001,-1.0,-1.8369701987210297e-16,82,252,0,1,0
232,9.51569044208137,0,0,1,0,0,0,1,0,1,0,0,1,0,0,1,0,0,1,0,0,1,2.3528684695839788,0.49999999999999994,-0.8660254037844387,0.9350162426854148,0.35460488704253557,63,125,0,0,1
233,7.544861068658458,1,0,0,0,1,0,0,1,0,1,0,0,1,0,0,1,0,0,1,0,0,2.145330057647603,-1.0,-1.8369701987210297e-16,0.992708874098054,-0.12053668025532288,23,225,1,0,0
234,8.382747094863314,0,0,0,1,1,0,0,1,0,1,0,0,1,0,0,1,0,0,1,0,0,2.2388725873971067,-1.0,-1.8369701987210297e-16,0.992708874098054,-0.12053668025532288,23,225,0,1,0
235,8.650149418664864,1,0,0,0,1,0,0,0,1,1,0,0,1,0,0,1,0,0,1,0,0,2.2669733990304897,1.0,6.123233995736766e-17,-0.970941817426052,-0.23931566428755774,41,306,0,1,0
236,6.90875477931522,1,0,0,0,1,0,0,1,0,1,0,0,1,0,0,1,0,0,1,0,0,2.067970345786057,-0.5000000000000004,0.8660254037844384,0.992708874098054,-0.12053668025532288,93,225,1,0,0
237,7.259116128097101,1,0,0,0,1,0,0,1,0,1,0,0,1,0,0,1,0,0,1,0,0,2.111317575523662,-0.5000000000000004,0.8660254037844384,0.992708874098054,-0.12053668025532288,93,225,1,0,0
238,5.771441123130016,1,0,0,0,1,0,0,0,1,0,1,0,0,1,0,0,1,0,0,1,0,1.9127139332707952,-1.0,-1.8369701987210297e-16,-0.7485107481711011,0.6631226582407952,23,298,0,0,0
239,6.415096959171596,0,0,0,1,0,0,1,1,0,1,0,0,1,0,0,1,0,0,1,0,0,2.003518051589582,-1.0,-1.8369701987210297e-16,0.992708874098054,-0.12053668025532288,23,225,0,0,0
240,7.01301578963963,1,0,0,0,1,0,0,1,0,1,0,0,1,0,0,1,0,0,1,0,0,2.081067193296879,0.49999999999999994,-0.8660254037844387,0.992708874098054,-0.12053668025532288,75,225,1,0,0
241,6.660575149839686,0,0,0,1,0,0,1,1,0,1,0,0,1,0,0,1,0,0,1,0,0,2.036087065769243,-1.0,-1.8369701987210297e-16,0.992708874098054,-0.12053668025532288,23,225,1,0,0
242,8.83651926920248,0,0,0,1,1,0,0,0,1,1,0,0,1,0,0,1,0,0,1,0,0,2.28610191568133,-1.0,-1.8369701987210297e-16,0.992708874098054,-0.12053668025532288,167,225,0,0,1
243,5.739792912179234,1,0,0,0,1,0,0,0,1,0,1,0,0,1,0,0,1,0,0,1,0,1.9080291992562277,-1.0,-1.8369701987210297e-16,0.5680647467311558,0.8229838658936564,23,130,0,0,0
244,6.566672429803241,0,0,0,1,1,0,0,0,1,1,0,0,1,0,0,1,0,0,1,0,0,2.0237533974669626,1.0,6.123233995736766e-17,0.12053668025532305,0.992708874098054,41,186,0,0,0
245,7.1785454837637,1,0,0,0,0,0,1,1,0,1,0,0,1,0,0,1,0,0,1,0,0,2.1015143210831027,-1.0,-1.8369701987210297e-16,0.992708874098054,-0.12053668025532288,23,225,1,0,0
246,8.446985296372741,0,0,1,0,1,0,0,1,0,1,0,0,1,0,0,1,0,0,1,0,0,2.245695674352288,0.8660254037844387,-0.4999999999999998,0.992708874098054,-0.12053668025532288,28,225,0,1,0
247,4.262679877041316,0,0,0,1,0,0,1,0,1,0,1,0,0,1,0,0,1,0,0,1,0,1.6606403793348097,-0.5000000000000004,0.8660254037844384,0.5680647467311558,0.8229838658936564,57,130,0,0,0
248,5.831882477283517,1,0,0,0,0,0,1,0,1,1,0,0,1,0,0,1,0,0,1,0,0,1.9216002545355522,-1.0,-1.8369701987210297e-16,-0.992708874098054,0.1205366802553232,35,147,0,0,0
249,9.798737961337055,0,0,0,1,0,0,1,1,0,1,0,0,1,0,0,1,0,0,1,0,0,2.379429271870292,-1.0,-1.8369701987210297e-16,0.992708874098054,-0.12053668025532288,11,225,0,0,1
250,8.166500319155052,0,0,0,1,1,0,0,0,1,0,1,0,0,1,0,0,1,0,0,1,0,2.21555556883849,-1.0,-1.8369701987210297e-16,0.8229838658936565,-0.5680647467311557,23,169,0,1,0
251,5.831882477283517,1,0,0,0,0,0,1,1,0,1,0,0,1,0,0,1,0,0,1,0,0,1.9216002545355522,-1.0,-1.8369701987210297e-16,0.992708874098054,-0.12053668025532288,23,225,0,0,0
252,10.013731126634887,0,0,0,1,0,0,1,0,1,0,1,0,0,1,0,0,1,0,0,1,0,2.3991427785788924,-1.0,-1.8369701987210297e-16,0.5680647467311558,0.8229838658936564,23,286,0,0,1
253,5.525452939131784,1,0,0,0,0,0,1,0,1,0,1,0,0,1,0,0,1,0,0,1,0,1.8757103667584751,-1.0,-1.8369701987210297e-16,0.5680647467311558,0.8229838658936564,23,130,0,0,0
254,5.802118375377063,0,0,0,1,1,0,0,0,1,0,0,1,0,0,1,0,0,1,0,0,1,1.9172340894587216,1.0,6.123233995736766e-17,0.12053668025532305,0.992708874098054,89,186,0,0,0
255,8.440528106480752,0,0,1,0,0,0,1,0,1,0,1,0,0,1,0,0,1,0,0,1,0,2.2450119220757614,1.0,6.123233995736766e-17,-0.8854560256532096,-0.4647231720437691,53,204,0,1,0
256,4.394449154672439,1,0,0,0,0,0,1,0,1,0,0,1,0,0,1,0,0,1,0,0,1,1.6853704905634923,-1.0,-1.8369701987210297e-16,0.9350162426854148,0.35460488704253557,119,73,0,0,0
257,6.042632833682381,1,0,0,0,1,0,0,1,0,1,0,0,1,0,0,1,0,0,1,0,0,1.9519820823132483,-2.4492935982947064e-16,1.0,0.992708874098054,-0.12053668025532288,32,225,0,0,0
258,10.210641315177504,1,0,0,0,1,0,0,0,1,1,0,0,1,0,0,1,0,0,1,0,0,2.4168634446517436,-0.4999999999999997,-0.8660254037844388,-0.970941817426052,-0.23931566428755774,61,306,0,0,1
259,5.351858133476067,0,1,0,0,0,1,0,1,0,1,0,0,1,0,0,1,0,0,1,0,0,1.8487473895449305,-1.0,-1.8369701987210297e-16,0.992708874098054,-0.12053668025532288,23,225,0,0,0
260,6.293419278846481,1,0,0,0,1,0,0,1,0,1,0,0,1,0,0,1,0,0,1,0,0,1.9869724729359572,-0.8660254037844386,0.5000000000000001,0.992708874098054,-0.12053668025532288,46,225,0,0,0
261,9.638284261844774,0,0,0,1,0,0,1,0,1,1,0,0,1,0,0,1,0,0,1,0,0,2.3644592173247236,0.8660254037844387,-0.4999999999999998,-1.0,-1.8369701987210297e-16,4,304,0,0,1
262,7.074116816197362,0,1,0,0,1,0,0,1,0,1,0,0,1,0,0,1,0,0,1,0,0,2.088663490519963,0.49999999999999994,-0.8660254037844387,0.992708874098054,-0.12053668025532288,27,225,1,0,0
263,7.039660349862076,1,0,0,0,0,0,1,0,1,1,0,0,1,0,0,1,0,0,1,0,0,2.0843868372564978,0.49999999999999994,-0.8660254037844387,-0.992708874098054,0.1205366802553232,27,43,1,0,0
264,5.198497031265826,1,0,0,0,1,0,0,1,0,1,0,0,1,0,0,1,0,0,1,0,0,1.8243068483519838,1.0,6.123233995736766e-17,0.992708874098054,-0.12053668025532288,17,225,0,0,0
265,8.429672593886743,1,0,0,0,1,0,0,0,1,1,0,0,1,0,0,1,0,0,1,0,0,2.243861376412376,-1.0,-1.8369701987210297e-16,0.992708874098054,-0.12053668025532288,23,17,0,1,0
266,5.8888779583328805,1,0,0,0,0,0,1,0,1,0,0,1,0,0,1,0,0,1,0,0,1,1.9299082210139993,1.0,6.123233995736766e-17,0.8854560256532099,0.4647231720437686,17,230,0,0,0
267,7.808323050391055,0,0,1,0,1,0,0,1,0,1,0,0,1,0,0,1,0,0,1,0,0,2.175697075676845,0.49999999999999994,0.8660254037844387,0.992708874098054,-0.12053668025532288,43,225,0,1,0
268,8.416488487294606,1,0,0,0,1,0,0,1,0,1,0,0,1,0,0,1,0,0,1,0,0,2.242462247042095,0.8660254037844386,0.5000000000000001,0.992708874098054,-0.12053668025532288,18,225,0,1,0
269,4.110873864173311,1,0,0,0,0,0,1,1,0,1,0,0,1,0,0,1,0,0,1,0,0,1.6313704001963978,1.2246467991473532e-16,-1.0,0.992708874098054,-0.12053668025532288,2,225,0,0,0
270,7.280008252884188,1,0,0,0,1,0,0,1,0,1,0,0,1,0,0,1,0,0,1,0,0,2.113843965121815,-0.4999999999999997,-0.8660254037844388,0.992708874098054,-0.12053668025532288,13,225,1,0,0
271,6.042632833682381,1,0,0,0,1,0,0,0,1,1,0,0,1,0,0,1,0,0,1,0,0,1.9519820823132483,-1.0,-1.8369701987210297e-16,0.992708874098054,-0.12053668025532288,23,225,0,0,0
272,9.691592993399809,1,0,0,0,1,0,0,0,1,1,0,0,1,0,0,1,0,0,1,0,0,2.3694577310912033,-0.4999999999999997,-0.8660254037844388,0.992708874098054,-0.12053668025532288,145,225,0,0,1
273,9.0455836463617,1,0,0,0,0,0,1,1,0,1,0,0,1,0,0,1,0,0,1,0,0,2.3071330997508706,-1.0,-1.8369701987210297e-16,0.992708874098054,-0.12053668025532288,23,225,0,0,1
274,8.200013648175434,0,1,0,0,0,1,0,0,1,1,0,0,1,0,0,1,0,0,1,0,0,2.219204967551224,-1.0,-1.8369701987210297e-16,0.9350162426854148,0.35460488704253557,23,125,0,1,0
275,5.707110264748875,0,0,0,1,1,0,0,0,1,1,0,0,1,0,0,1,0,0,1,0,0,1.9031681972312866,0.49999999999999994,-0.8660254037844387,-0.992708874098054,0.1205366802553232,15,43,0,0,0
276,7.993282328101591,1,0,0,0,1,0,0,0,1,0,0,1,0,0,1,0,0,1,0,0,1,2.196477890646373,-0.8660254037844386,0.5000000000000001,-0.9350162426854147,-0.3546048870425359,10,99,0,1,0
277,8.967121656230923,0,0,0,1,0,0,1,0,1,0,1,0,0,1,0,0,1,0,0,1,0,2.2992918418133983,-1.0,-1.8369701987210297e-16,-0.5680647467311556,-0.8229838658936566,23,312,0,0,1
278,9.13356731317027,1,0,0,0,0,0,1,1,0,1,0,0,1,0,0,1,0,0,1,0,0,2.315853409592981,0.8660254037844386,0.5000000000000001,0.992708874098054,-0.12053668025532288,66,225,0,0,1
279,7.749753406274437,0,0,0,1,0,0,1,0,1,1,0,0,1,0,0,1,0,0,1,0,0,2.1690255178323348,-1.0,-1.8369701987210297e-16,-0.992708874098054,0.1205366802553232,23,147,1,0,0
280,9.833118734869243,0,0,0,1,0,0,1,0,1,0,0,1,0,0,1,0,0,1,0,0,1,2.3826079913823865,-1.0,-1.8369701987210297e-16,0.9350162426854148,0.35460488704253557,23,73,0,0,1
281,8.849513965486398,0,0,0,1,0,0,1,1,0,1,0,0,1,0,0,1,0,0,1,0,0,2.28742211036112,-1.0,-1.8369701987210297e-16,0.992708874098054,-0.12053668025532288,47,225,0,0,1
282,7.107425474110705,1,0,0,0,1,0,0,1,0,1,0,0,1,0,0,1,0,0,1,0,0,2.0927803669413247,-2.4492935982947064e-16,1.0,0.992708874098054,-0.12053668025532288,56,225,1,0,0
283,7.72356247227797,1,0,0,0,1,0,0,0,1,1,0,0,1,0,0,1,0,0,1,0,0,2.1660276948898316,-1.0,-1.8369701987210297e-16,-0.992708874098054,0.1205366802553232,23,43,1,0,0
284,7.1631723908466425,0,0,0,1,1,0,0,0,1,1,0,0,1,0,0,1,0,0,1,0,0,2.0996328668112922,-1.0,-1.8369701987210297e-16,-0.992708874098054,0.1205366802553232,23,43,1,0,0
285,7.787796878181171,1,0,0,0,1,0,0,1,0,1,0,0,1,0,0,1,0,0,1,0,0,2.1733640407119066,-1.0,-1.8369701987210297e-16,0.992708874098054,-0.12053668025532288,23,225,0,1,0
286,7.2868764117507,1,0,0,0,1,0,0,1,0,1,0,0,1,0,0,1,0,0,1,0,0,2.114673108246672,0.8660254037844387,-0.4999999999999998,0.992708874098054,-0.12053668025532288,4,225,1,0,0
287,7.916078096302786,0,0,1,0,1,0,0,0,1,1,0,0,1,0,0,1,0,0,1,0,0,2.187856174604013,0.49999999999999994,-0.8660254037844387,-0.992708874098054,0.1205366802553232,75,43,0,1,0
288,6.68586094706836,0,0,0,1,1,0,0,0,1,0,0,1,0,0,1,0,0,1,0,0,1,2.0393824002626744,-1.0,-1.8369701987210297e-16,0.992708874098054,-0.12053668025532288,23,225,1,0,0
289,8.785845337961213,0,0,0,1,1,0,0,1,0,1,0,0,1,0,0,1,0,0,1,0,0,2.2809369883236075,-2.4492935982947064e-16,1.0,0.992708874098054,-0.12053668025532288,92,225,0,1,0
290,8.33110454805304,1,0,0,0,1,0,0,1,0,1,0,0,1,0,0,1,0,0,1,0,0,2.233353394567322,0.49999999999999994,-0.8660254037844387,0.992708874098054,-0.12053668025532288,171,225,0,1,0
291,7.75190533307861,0,0,0,1,1,0,0,1,0,1,0,0,1,0,0,1,0,0,1,0,0,2.169271429016762,-1.0,-1.8369701987210297e-16,0.992708874098054,-0.12053668025532288,23,225,1,0,0
292,7.00397413672268,1,0,0,0,1,0,0,1,0,1,0,0,1,0,0,1,0,0,1,0,0,2.079938185422248,1.2246467991473532e-16,-1.0,0.992708874098054,-0.12053668025532288,74,225,1,0,0
293,4.948759890378168,0,0,1,0,0,0,1,1,0,1,0,0,1,0,0,1,0,0,1,0,0,1.783182776049518,-0.5000000000000004,0.8660254037844384,0.992708874098054,-0.12053668025532288,93,225,0,0,0
294,8.055475141757274,1,0,0,0,1,0,0,1,0,1,0,0,1,0,0,1,0,0,1,0,0,2.2033695628198258,0.49999999999999994,-0.8660254037844387,0.992708874098054,-0.12053668025532288,123,225,0,1,0
295,5.351858133476067,1,0,0,0,1,0,0,0,1,0,0,1,0,0,1,0,0,1,0,0,1,1.8487473895449305,-0.5000000000000004,0.8660254037844384,-0.9350162426854147,-0.3546048870425359,177,99,0,0,0
296,9.167537249650874,1,0,0,0,1,0,0,0,1,0,1,0,0,1,0,0,1,0,0,1,0,2.3192000223923226,0.49999999999999994,-0.8660254037844387,-0.7485107481711011,0.6631226582407952,99,38,0,0,1
297,7.741099090035366,1,0,0,0,1,0,0,1,0,1,0,0,1,0,0,1,0,0,1,0,0,2.1680359357696948,-1.0,-1.8369701987210297e-16,0.992708874098054,-0.12053668025532288,59,225,1,0,0
298,9.895505782794473,0,0,0,1,1,0,0,1,0,1,0,0,1,0,0,1,0,0,1,0,0,2.3883503907054187,-0.4999999999999997,-0.8660254037844388,0.992708874098054,-0.12053668025532288,73,225,0,0,1
299,10.561810341941891,0,0,0,1,0,0,1,1,0,1,0,0,1,0,0,1,0,0,1,0,0,2.447707454957321,-1.0,-1.8369701987210297e-16,0.992708874098054,-0.12053668025532288,35,225,0,0,1
300,4.795790545596741,1,0,0,0,0,0,1,0,1,1,0,0,1,0,0,1,0,0,1,0,0,1.757131886054717,0.8660254037844387,-0.4999999999999998,0.12053668025532305,0.992708874098054,76,186,0,0,0
301,8.414274137408396,1,0,0,0,0,0,1,1,0,1,0,0,1,0,0,1,0,0,1,0,0,2.2422270627385648,1.0,6.123233995736766e-17,0.992708874098054,-0.12053668025532288,5,225,0,1,0
302,7.692113339595466,0,0,0,1,0,0,1,0,1,0,0,1,0,0,1,0,0,1,0,0,1,2.1624161018392503,-2.4492935982947064e-16,1.0,0.8854560256532099,0.4647231720437686,92,230,1,0,0
303,9.644133752071204,1,0,0,0,1,0,0,0,1,0,1,0,0,1,0,0,1,0,0,1,0,2.3650089189958305,-0.5000000000000004,0.8660254037844384,0.8229838658936565,-0.5680647467311557,33,221,0,0,1
304,7.576097340623111,1,0,0,0,1,0,0,1,0,1,0,0,1,0,0,1,0,0,1,0,0,2.1489789546165396,-0.4999999999999997,-0.8660254037844388,0.992708874098054,-0.12053668025532288,1,225,1,0,0
305,7.81237820598861,0,0,1,0,0,0,1,0,1,0,0,1,0,0,1,0,0,1,0,0,1,2.1761573474458444,0.8660254037844386,0.5000000000000001,-0.5680647467311556,-0.8229838658936566,126,104,0,1,0
306,8.537191877922927,1,0,0,0,1,0,0,0,1,1,0,0,1,0,0,1,0,0,1,0,0,2.2551990897110383,0.8660254037844387,-0.4999999999999998,-0.992708874098054,0.1205366802553232,100,43,0,1,0
307,9.834191063533472,1,0,0,0,1,0,0,1,0,1,0,0,1,0,0,1,0,0,1,0,0,2.3827069726287973,-1.0,-1.8369701987210297e-16,0.992708874098054,-0.12053668025532288,155,225,0,0,1
308,6.976348070447749,1,0,0,0,1,0,0,0,1,1,0,0,1,0,0,1,0,0,1,0,0,2.076480671432496,-2.4492935982947064e-16,1.0,1.0,-1.6081226496766366e-16,104,278,1,0,0
309,9.075779878580487,0,0,0,1,1,0,0,0,1,0,1,0,0,1,0,0,1,0,0,1,0,2.3101345121402304,-1.0,-1.8369701987210297e-16,-0.970941817426052,-0.23931566428755774,23,306,0,0,1
310,7.736743682453495,1,0,0,0,0,0,1,0,1,0,0,1,0,0,1,0,0,1,0,0,1,2.1675375438653024,-1.0,-1.8369701987210297e-16,0.9350162426854148,0.35460488704253557,23,73,1,0,0
311,6.523562306149512,1,0,0,0,0,0,1,1,0,1,0,0,1,0,0,1,0,0,1,0,0,2.0180397367202874,-0.4999999999999997,-0.8660254037844388,0.992708874098054,-0.12053668025532288,121,225,0,0,0
312,9.332646496360152,0,0,0,1,1,0,0,1,0,1,0,0,1,0,0,1,0,0,1,0,0,2.335308445513756,1.0,6.123233995736766e-17,0.992708874098054,-0.12053668025532288,41,225,0,0,1
313,9.55824698622306,0,0,0,1,0,0,1,1,0,1,0,0,1,0,0,1,0,0,1,0,0,2.3569072594052316,-1.0,-1.8369701987210297e-16,0.992708874098054,-0.12053668025532288,23,225,0,0,1
314,8.177796683277778,1,0,0,0,1,0,0,0,1,0,1,0,0,1,0,0,1,0,0,1,0,2.216787163109899,-0.8660254037844386,0.5000000000000001,-0.5680647467311556,-0.8229838658936566,166,104,0,1,0
315,10.563879076356082,1,0,0,0,0,0,1,1,0,1,0,0,1,0,0,1,0,0,1,0,0,2.4478863671949016,0.8660254037844387,-0.4999999999999998,0.992708874098054,-0.12053668025532288,28,225,0,0,1
316,9.105090961257083,0,0,0,1,1,0,0,1,0,1,0,0,1,0,0,1,0,0,1,0,0,2.313039352423886,-0.8660254037844385,-0.5000000000000004,0.992708874098054,-0.12053668025532288,168,225,0,0,1
317,8.052296499538647,0,0,0,1,1,0,0,0,1,1,0,0,1,0,0,1,0,0,1,0,0,2.203018482376109,-0.4999999999999997,-0.8660254037844388,0.992708874098054,-0.12053668025532288,25,225,0,1,0
318,10.38378180126494,0,0,0,1,0,0,1,1,0,1,0,0,1,0,0,1,0,0,1,0,0,2.432189693462691,1.0,6.123233995736766e-17,0.992708874098054,-0.12053668025532288,17,225,0,0,1
319,6.3473892096560105,1,0,0,0,0,0,1,0,1,0,0,1,0,0,1,0,0,1,0,0,1,1.9943450405522716,-1.0,-1.8369701987210297e-16,-0.12053668025532283,-0.992708874098054,35,160,0,0,0
320,5.351858133476067,1,0,0,0,0,0,1,1,0,1,0,0,1,0,0,1,0,0,1,0,0,1.8487473895449305,-1.0,-1.8369701987210297e-16,0.992708874098054,-0.12053668025532288,35,225,0,0,0
321,9.004668301573977,0,0,1,0,0,0,1,0,1,0,0,1,0,0,1,0,0,1,0,0,1,2.303051814220146,-0.5000000000000004,0.8660254037844384,0.9350162426854148,0.35460488704253557,21,73,0,0,1
322,9.770013301136158,1,0,0,0,1,0,0,0,1,1,0,0,1,0,0,1,0,0,1,0,0,2.3767657261848196,0.8660254037844387,-0.4999999999999998,-0.970941817426052,-0.23931566428755774,172,306,0,0,1
323,9.036106025364846,0,0,0,1,0,0,1,0,1,0,1,0,0,1,0,0,1,0,0,1,0,2.3061891929526412,0.8660254037844387,-0.4999999999999998,0.5680647467311558,0.8229838658936564,40,130,0,0,1
324,9.48349239264364,1,0,0,0,1,0,0,0,1,1,0,0,1,0,0,1,0,0,1,0,0,2.349801866952456,-1.0,-1.8369701987210297e-16,0.992708874098054,-0.12053668025532288,23,225,0,0,1
325,5.860786223465865,1,0,0,0,0,0,1,0,1,0,1,0,0,1,0,0,1,0,0,1,0,1.9258220450052628,1.0,6.123233995736766e-17,0.46472317204376906,-0.8854560256532096,53,217,0,0,0
326,9.217415285648144,0,0,0,1,1,0,0,0,1,0,1,0,0,1,0,0,1,0,0,1,0,2.3240936453182433,0.49999999999999994,-0.8660254037844387,-0.5680647467311556,-0.8229838658936566,3,104,0,0,1
327,7.237778191923443,0,0,1,0,0,0,1,1,0,1,0,0,1,0,0,1,0,0,1,0,0,2.10873067066032,-2.4492935982947064e-16,1.0,0.992708874098054,-0.12053668025532288,128,225,1,0,0
328,8.049107721326406,1,0,0,0,1,0,0,1,0,1,0,0,1,0,0,1,0,0,1,0,0,2.2026661585225207,-0.4999999999999997,-0.8660254037844388,0.992708874098054,-0.12053668025532288,157,225,0,1,0
329,7.1785454837637,1,0,0,0,1,0,0,0,1,0,0,1,0,0,1,0,0,1,0,0,1,2.1015143210831027,1.2246467991473532e-16,-1.0,0.46472317204376906,-0.8854560256532096,302,165,1,0,0
330,5.916202062607435,1,0,0,0,0,0,1,0,1,0,0,1,0,0,1,0,0,1,0,0,1,1.9338667840812656,-1.0,-1.8369701987210297e-16,0.46472317204376906,-0.8854560256532096,23,165,0,0,0
331,6.508769136971682,1,0,0,0,0,0,1,0,1,1,0,0,1,0,0,1,0,0,1,0,0,2.016071555801817,-1.0,-1.8369701987210297e-16,0.992708874098054,-0.12053668025532288,23,17,0,0,0
332,7.518064181233078,1,0,0,0,1,0,0,1,0,1,0,0,1,0,0,1,0,0,1,0,0,2.14218910624994,1.0,6.123233995736766e-17,0.992708874098054,-0.12053668025532288,113,225,1,0,0
333,8.221747728346623,1,0,0,0,0,0,1,1,0,1,0,0,1,0,0,1,0,0,1,0,0,2.2215645779935858,0.8660254037844386,0.5000000000000001,0.992708874098054,-0.12053668025532288,66,225,0,1,0
334,8.304247465078474,0,0,0,1,0,0,1,0,1,0,0,1,0,0,1,0,0,1,0,0,1,2.230471012570999,-0.8660254037844385,-0.5000000000000004,0.8229838658936565,-0.5680647467311557,84,117,0,1,0
335,4.51085950651685,0,1,0,0,1,0,0,0,1,1,0,0,1,0,0,1,0,0,1,0,0,1.7067206012930416,-1.0,-1.8369701987210297e-16,-0.5680647467311556,-0.8229838658936566,23,104,0,0,0
336,5.25227342804663,1,0,0,0,1,0,0,1,0,1,0,0,1,0,0,1,0,0,1,0,0,1.8329451460953283,-0.4999999999999997,-0.8660254037844388,0.992708874098054,-0.12053668025532288,13,225,0,0,0
337,9.268703615273097,0,0,0,1,0,0,1,0,1,0,1,0,0,1,0,0,1,0,0,1,0,2.3291007857169737,-0.4999999999999997,-0.8660254037844388,-0.7485107481711011,0.6631226582407952,121,38,0,0,1
338,7.372118028337787,1,0,0,0,0,0,1,0,1,1,0,0,1,0,0,1,0,0,1,0,0,2.124906902470258,-1.0,-1.8369701987210297e-16,-0.970941817426052,-0.23931566428755774,23,306,1,0,0
339,7.732369222284388,1,0,0,0,0,0,1,0,1,0,0,1,0,0,1,0,0,1,0,0,1,2.1670367216101143,-1.0,-1.8369701987210297e-16,0.9350162426854148,0.35460488704253557,23,125,1,0,0
340,8.997270906233448,1,0,0,0,0,0,1,1,0,1,0,0,1,0,0,1,0,0,1,0,0,2.30231214637085,-1.0,-1.8369701987210297e-16,0.992708874098054,-0.12053668025532288,23,225,0,0,1
341,5.25227342804663,1,0,0,0,1,0,0,1,0,1,0,0,1,0,0,1,0,0,1,0,0,1.8329451460953283,-1.0,-1.8369701987210297e-16,0.992708874098054,-0.12053668025532288,47,225,0,0,0
342,9.665928089487558,0,0,0,1,0,0,1,0,1,1,0,0,1,0,0,1,0,0,1,0,0,2.3670543701237645,-1.0,-1.8369701987210297e-16,-0.992708874098054,0.1205366802553232,23,43,0,0,1
343,9.833655042937448,0,0,0,1,1,0,0,0,1,1,0,0,1,0,0,1,0,0,1,0,0,2.3826574964978056,0.8660254037844387,-0.4999999999999998,0.992708874098054,-0.12053668025532288,136,69,0,0,1
344,5.707110264748875,1,0,0,0,0,0,1,0,1,1,0,0,1,0,0,1,0,0,1,0,0,1.9031681972312866,0.8660254037844387,-0.4999999999999998,0.992708874098054,-0.12053668025532288,52,225,0,0,0
345,4.795790545596741,1,0,0,0,1,0,0,0,1,1,0,0,1,0,0,1,0,0,1,0,0,1.757131886054717,-1.0,-1.8369701987210297e-16,0.46472317204376906,-0.8854560256532096,23,165,0,0,0
346,8.99850761180784,1,0,0,0,0,0,1,1,0,1,0,0,1,0,0,1,0,0,1,0,0,2.302435843037609,-1.0,-1.8369701987210297e-16,0.992708874098054,-0.12053668025532288,23,225,0,0,1
347,9.144307401371744,0,0,0,1,0,0,1,0,1,0,0,1,0,0,1,0,0,1,0,0,1,2.316912700998708,-0.4999999999999997,-0.8660254037844388,0.46472317204376906,-0.8854560256532096,25,165,0,0,1
348,9.71057005652877,1,0,0,0,1,0,0,0,1,1,0,0,1,0,0,1,0,0,1,0,0,2.3712311096098193,-1.0,-1.8369701987210297e-16,0.46472317204376906,-0.8854560256532096,23,165,0,0,1
349,7.307202314764738,0,0,1,0,0,0,1,1,0,1,0,0,1,0,0,1,0,0,1,0,0,2.1171228872930867,0.8660254037844387,-0.4999999999999998,0.992708874098054,-0.12053668025532288,76,225,1,0,0
350,9.091669442258503,0,0,0,1,1,0,0,0,1,1,0,0,1,0,0,1,0,0,1,0,0,2.3117102758090105,-1.0,-1.8369701987210297e-16,0.992708874098054,-0.12053668025532288,23,225,0,0,1
351,8.57376254290413,1,0,0,0,1,0,0,0,1,0,1,0,0,1,0,0,1,0,0,1,0,2.259026288375722,-0.5000000000000004,0.8660254037844384,0.5680647467311558,0.8229838658936564,33,130,0,1,0
352,8.757940876678804,0,0,0,1,0,0,1,0,1,0,0,1,0,0,1,0,0,1,0,0,1,2.2780814024163645,-1.0,-1.8369701987210297e-16,-0.992708874098054,0.1205366802553232,23,147,0,1,0
353,6.803505257608338,0,1,0,0,0,1,0,0,1,0,1,0,0,1,0,0,1,0,0,1,0,2.0545730247502716,-1.0,-1.8369701987210297e-16,0.992708874098054,-0.12053668025532288,23,121,1,0,0
354,7.313886831633462,0,0,0,1,0,0,1,1,0,1,0,0,1,0,0,1,0,0,1,0,0,2.1179272289544824,-0.8660254037844386,0.5000000000000001,0.992708874098054,-0.12053668025532288,118,225,1,0,0
355,9.18204377282107,1,0,0,0,0,0,1,1,0,1,0,0,1,0,0,1,0,0,1,0,0,2.32062575451049,-0.8660254037844385,-0.5000000000000004,0.992708874098054,-0.12053668025532288,24,225,0,0,1
356,9.101752431559284,0,0,0,1,0,0,1,0,1,0,1,0,0,1,0,0,1,0,0,1,0,2.312708916871605,-2.4492935982947064e-16,1.0,0.46472317204376906,-0.8854560256532096,92,165,0,0,1
357,7.630946580890459,1,0,0,0,1,0,0,1,0,1,0,0,1,0,0,1,0,0,1,0,0,2.155354184003961,-0.8660254037844386,0.5000000000000001,0.992708874098054,-0.12053668025532288,82,225,1,0,0
358,7.969357742016346,1,0,0,0,1,0,0,1,0,1,0,0,1,0,0,1,0,0,1,0,0,2.1938140728401807,-0.8660254037844386,0.5000000000000001,0.992708874098054,-0.12053668025532288,142,225,0,1,0
359,8.382747094863314,0,0,0,1,0,0,1,1,0,1,0,0,1,0,0,1,0,0,1,0,0,2.2388725873971067,-1.0,-1.8369701987210297e-16,0.992708874098054,-0.12053668025532288,23,225,0,1,0
360,7.621195162809845,1,0,0,0,1,0,0,1,0,1,0,0,1,0,0,1,0,0,1,0,0,2.154223725042522,1.2246467991473532e-16,-1.0,0.992708874098054,-0.12053668025532288,98,225,1,0,0
361,8.409830673087738,0,0,1,0,0,0,1,0,1,0,1,0,0,1,0,0,1,0,0,1,0,2.2417549590770176,0.49999999999999994,-0.8660254037844387,0.5680647467311558,0.8229838658936564,15,130,0,1,0
362,5.831882477283517,0,0,1,0,0,0,1,1,0,1,0,0,1,0,0,1,0,0,1,0,0,1.9216002545355522,-1.0,-1.8369701987210297e-16,0.992708874098054,-0.12053668025532288,23,225,0,0,0
363,5.525452939131784,1,0,0,0,1,0,0,1,0,1,0,0,1,0,0,1,0,0,1,0,0,1.8757103667584751,-1.0,-1.8369701987210297e-16,0.992708874098054,-0.12053668025532288,71,225,0,0,0
364,9.519367998447342,1,0,0,0,0,0,1,0,1,0,0,1,0,0,1,0,0,1,0,0,1,2.3532181293116987,-1.0,-1.8369701987210297e-16,0.9350162426854148,0.35460488704253557,23,73,0,0,1
365,7.787796878181171,0,0,1,0,1,0,0,0,1,0,1,0,0,1,0,0,1,0,0,1,0,2.1733640407119066,-1.0,-1.8369701987210297e-16,-0.7485107481711011,0.6631226582407952,23,298,0,1,0
366,8.775085935057266,0,0,0,1,0,0,1,1,0,1,0,0,1,0,0,1,0,0,1,0,0,2.2798368971429923,-2.4492935982947064e-16,1.0,0.992708874098054,-0.12053668025532288,128,225,0,1,0
367,7.878912912297133,0,0,0,1,0,0,1,1,0,1,0,0,1,0,0,1,0,0,1,0,0,2.183679129723806,-1.0,-1.8369701987210297e-16,0.992708874098054,-0.12053668025532288,35,225,0,1,0
368,7.280008252884188,0,0,0,1,0,0,1,0,1,0,1,0,0,1,0,0,1,0,0,1,0,2.113843965121815,0.8660254037844387,-0.4999999999999998,-0.7485107481711011,0.6631226582407952,124,298,1,0,0
369,8.677780256064185,0,0,0,1,0,0,1,1,0,1,0,0,1,0,0,1,0,0,1,0,0,2.269832562602316,0.8660254037844387,-0.4999999999999998,0.992708874098054,-0.12053668025532288,16,225,0,1,0
370,9.018089684104345,0,0,0,1,1,0,0,0,1,1,0,0,1,0,0,1,0,0,1,0,0,2.3043924271916545,-0.8660254037844386,0.5000000000000001,-0.5680647467311556,-0.8229838658936566,178,312,0,0,1
371,7.58629630715272,0,0,0,1,0,0,1,0,1,0,1,0,0,1,0,0,1,0,0,1,0,2.150167479706863,-0.4999999999999997,-0.8660254037844388,-0.7485107481711011,0.6631226582407952,73,38,1,0,0
372,8.493105395887147,0,0,0,1,0,0,1,0,1,1,0,0,1,0,0,1,0,0,1,0,0,2.2505657873227176,-0.8660254037844385,-0.5000000000000004,0.8229838658936565,-0.5680647467311557,60,65,0,1,0
373,9.31659049181884,0,0,0,1,0,0,1,0,1,1,0,0,1,0,0,1,0,0,1,0,0,2.333753326766626,-1.0,-1.8369701987210297e-16,0.46472317204376906,-0.8854560256532096,23,165,0,0,1
374,7.048386408721883,1,0,0,0,1,0,0,1,0,1,0,0,1,0,0,1,0,0,1,0,0,2.085471625216958,-1.0,-1.8369701987210297e-16,0.992708874098054,-0.12053668025532288,95,225,1,0,0
375,9.662116382947598,1,0,0,0,0,0,1,0,1,1,0,0,1,0,0,1,0,0,1,0,0,2.3666969340179396,0.8660254037844386,0.5000000000000001,-0.970941817426052,-0.23931566428755774,30,306,0,0,1
376,5.081404364984463,1,0,0,0,1,0,0,1,0,1,0,0,1,0,0,1,0,0,1,0,0,1.8052356503890232,-0.8660254037844385,-0.5000000000000004,0.992708874098054,-0.12053668025532288,36,225,0,0,0
377,4.61512051684126,1,0,0,0,0,0,1,0,1,0,1,0,0,1,0,0,1,0,0,1,0,1.7254630513334037,1.2246467991473532e-16,-1.0,0.8229838658936565,-0.5680647467311557,62,273,0,0,0
378,7.669028288589683,1,0,0,0,0,0,1,1,0,1,0,0,1,0,0,1,0,0,1,0,0,2.1597567070706685,-0.8660254037844385,-0.5000000000000004,0.992708874098054,-0.12053668025532288,36,225,1,0,0
379,8.799510901368867,0,0,0,1,1,0,0,1,0,1,0,0,1,0,0,1,0,0,1,0,0,2.2823324764074946,-1.0,-1.8369701987210297e-16,0.992708874098054,-0.12053668025532288,23,225,0,1,0
380,7.714677473800927,1,0,0,0,1,0,0,0,1,0,0,1,0,0,1,0,0,1,0,0,1,2.1650086701174494,0.49999999999999994,-0.8660254037844387,0.9350162426854148,0.35460488704253557,27,73,1,0,0
381,7.496097345175956,1,0,0,0,1,0,0,0,1,0,1,0,0,1,0,0,1,0,0,1,0,2.1396069221994747,-0.5000000000000004,0.8660254037844384,0.5680647467311558,0.8229838658936564,105,130,1,0,0
382,10.170877627969896,0,0,1,0,0,0,1,1,0,1,0,0,1,0,0,1,0,0,1,0,0,2.413310180090424,-0.5000000000000004,0.8660254037844384,0.992708874098054,-0.12053668025532288,153,225,0,0,1
383,5.860786223465865,1,0,0,0,0,0,1,1,0,1,0,0,1,0,0,1,0,0,1,0,0,1.9258220450052628,-1.0,-1.8369701987210297e-16,0.992708874098054,-0.12053668025532288,23,225,0,0,0
384,4.875197323201151,1,0,0,0,0,0,1,0,1,1,0,0,1,0,0,1,0,0,1,0,0,1.77073964639405,-1.0,-1.8369701987210297e-16,0.992708874098054,-0.12053668025532288,23,225,0,0,0
385,8.429672593886743,0,0,0,1,1,0,0,1,0,1,0,0,1,0,0,1,0,0,1,0,0,2.243861376412376,-1.0,-1.8369701987210297e-16,0.992708874098054,-0.12053668025532288,95,225,0,1,0
386,7.2868764117507,0,0,0,1,0,0,1,0,1,1,0,0,1,0,0,1,0,0,1,0,0,2.114673108246672,0.8660254037844387,-0.4999999999999998,-0.5680647467311556,-0.8229838658936566,16,104,1,0,0
387,5.351858133476067,0,0,1,0,1,0,0,0,1,0,0,1,0,0,1,0,0,1,0,0,1,1.8487473895449305,-1.0,-1.8369701987210297e-16,-0.9350162426854147,-0.3546048870425359,23,99,0,0,0
388,7.72356247227797,1,0,0,0,1,0,0,1,0,1,0,0,1,0,0,1,0,0,1,0,0,2.1660276948898316,-1.0,-1.8369701987210297e-16,0.992708874098054,-0.12053668025532288,23,225,1,0,0
389,8.808518618782816,1,0,0,0,0,0,1,1,0,1,0,0,1,0,0,1,0,0,1,0,0,2.283251254914876,-0.8660254037844385,-0.5000000000000004,0.992708874098054,-0.12053668025532288,48,225,0,1,0
390,7.378383712996714,1,0,0,0,0,0,1,1,0,1,0,0,1,0,0,1,0,0,1,0,0,2.1256550215472756,0.8660254037844387,-0.4999999999999998,0.992708874098054,-0.12053668025532288,76,225,1,0,0
391,6.133398042996649,1,0,0,0,1,0,0,0,1,0,1,0,0,1,0,0,1,0,0,1,0,1.964787704766679,-0.5000000000000004,0.8660254037844384,-0.5680647467311556,-0.8229838658936566,9,104,0,0,0
392,7.659642954564682,1,0,0,0,1,0,0,1,0,1,0,0,1,0,0,1,0,0,1,0,0,2.158673492459346,-1.0,-1.8369701987210297e-16,0.992708874098054,-0.12053668025532288,23,225,1,0,0
393,8.480736654405622,0,0,0,1,0,0,1,1,0,1,0,0,1,0,0,1,0,0,1,0,0,2.2492620194088935,1.0,6.123233995736766e-17,0.992708874098054,-0.12053668025532288,89,225,0,1,0
394,9.292012520620208,0,0,0,1,1,0,0,1,0,1,0,0,1,0,0,1,0,0,1,0,0,2.3313681109578375,-1.0,-1.8369701987210297e-16,0.992708874098054,-0.12053668025532288,23,225,0,0,1
395,8.19450550976564,1,0,0,0,1,0,0,1,0,1,0,0,1,0,0,1,0,0,1,0,0,2.2186060784444055,0.8660254037844386,0.5000000000000001,0.992708874098054,-0.12053668025532288,30,225,0,1,0
396,10.0489289881863,1,0,0,0,0,0,1,1,0,1,0,0,1,0,0,1,0,0,1,0,0,2.402333499120277,-1.0,-1.8369701987210297e-16,0.992708874098054,-0.12053668025532288,23,225,0,0,1
397,4.875197323201151,1,0,0,0,0,0,1,0,1,0,1,0,0,1,0,0,1,0,0,1,0,1.77073964639405,-1.0,-1.8369701987210297e-16,-0.12053668025532283,-0.992708874098054,23,108,0,0,0
398,7.340186835320115,0,0,1,0,0,0,1,0,1,1,0,0,1,0,0,1,0,0,1,0,0,2.121085618436288,-1.0,-1.8369701987210297e-16,0.12053668025532305,0.992708874098054,23,186,1,0,0
399,8.586905803827538,1,0,0,0,1,0,0,0,1,1,0,0,1,0,0,1,0,0,1,0,0,2.2603981886400537,-1.0,-1.8369701987210297e-16,-0.992708874098054,0.1205366802553232,35,199,0,1,0
400,4.262679877041316,1,0,0,0,1,0,0,0,1,1,0,0,1,0,0,1,0,0,1,0,0,1.6606403793348097,-0.5000000000000004,0.8660254037844384,0.992708874098054,-0.12053668025532288,129,225,0,0,0
401,9.12706745278236,1,0,0,0,0,0,1,0,1,1,0,0,1,0,0,1,0,0,1,0,0,2.31521178501547,-0.8660254037844386,0.5000000000000001,0.992708874098054,-0.12053668025532288,70,173,0,0,1
402,8.670943791222156,0,0,1,0,0,0,1,0,1,1,0,0,1,0,0,1,0,0,1,0,0,2.269125904622202,-1.0,-1.8369701987210297e-16,1.0,-1.6081226496766366e-16,47,278,0,1,0
403,8.511376306094673,1,0,0,0,1,0,0,1,0,1,0,0,1,0,0,1,0,0,1,0,0,2.252488588072904,-0.4999999999999997,-0.8660254037844388,0.992708874098054,-0.12053668025532288,1,225,0,1,0
404,7.259116128097101,1,0,0,0,0,0,1,0,1,0,0,1,0,0,1,0,0,1,0,0,1,2.111317575523662,-1.0,-1.8369701987210297e-16,0.9350162426854148,0.35460488704253557,23,125,1,0,0
405,6.985641817639208,1,0,0,0,1,0,0,0,1,1,0,0,1,0,0,1,0,0,1,0,0,2.077645156350333,0.8660254037844387,-0.4999999999999998,0.992708874098054,-0.12053668025532288,88,225,1,0,0
406,9.016876974763385,0,0,0,1,0,0,1,0,1,0,1,0,0,1,0,0,1,0,0,1,0,2.304271367909342,1.0,6.123233995736766e-17,0.9350162426854148,0.35460488704253557,173,125,0,0,1
407,8.681181041521688,1,0,0,0,1,0,0,0,1,0,1,0,0,1,0,0,1,0,0,1,0,2.2701839022677257,-0.8660254037844386,0.5000000000000001,0.992708874098054,-0.12053668025532288,142,225,0,1,0
408,7.353081920515432,0,0,1,0,1,0,0,0,1,0,1,0,0,1,0,0,1,0,0,1,0,2.1226305630422626,-1.0,-1.8369701987210297e-16,-0.7485107481711011,0.6631226582407952,23,298,1,0,0
409,6.734591659972948,0,0,0,1,0,0,1,0,1,1,0,0,1,0,0,1,0,0,1,0,0,2.045702691419236,-1.0,-1.8369701987210297e-16,0.12053668025532305,0.992708874098054,23,134,1,0,0
410,3.713572066704308,0,0,1,0,1,0,0,0,1,0,0,1,0,0,1,0,0,1,0,0,1,1.5504460211620947,-0.5000000000000004,0.8660254037844384,0.46472317204376906,-0.8854560256532096,45,165,0,0,0
411,9.0432226489245,0,0,0,1,0,0,1,1,0,1,0,0,1,0,0,1,0,0,1,0,0,2.3068980437287885,-1.0,-1.8369701987210297e-16,0.992708874098054,-0.12053668025532288,23,225,0,0,1
412,8.403128235128264,0,0,0,1,0,0,1,0,1,1,0,0,1,0,0,1,0,0,1,0,0,2.241042424884417,-1.0,-1.8369701987210297e-16,-1.0,-1.8369701987210297e-16,23,252,0,1,0
413,6.634633357861686,1,0,0,0,0,0,1,1,0,1,0,0,1,0,0,1,0,0,1,0,0,2.032694916281349,-1.0,-1.8369701987210297e-16,0.992708874098054,-0.12053668025532288,11,225,1,0,0
414,8.734077192559303,0,0,0,1,0,0,1,0,1,1,0,0,1,0,0,1,0,0,1,0,0,2.2756328415790485,-1.0,-1.8369701987210297e-16,0.12053668025532305,0.992708874098054,23,134,0,1,0
415,8.840869624091395,0,0,0,1,0,0,1,1,0,1,0,0,1,0,0,1,0,0,1,0,0,2.2865440835912474,0.8660254037844387,-0.4999999999999998,0.992708874098054,-0.12053668025532288,124,225,0,0,1
416,8.444837529224097,1,0,0,0,0,0,1,1,0,1,0,0,1,0,0,1,0,0,1,0,0,2.245468299029353,1.2246467991473532e-16,-1.0,0.992708874098054,-0.12053668025532288,14,225,0,1,0
417,6.734591659972948,1,0,0,0,0,0,1,0,1,1,0,0,1,0,0,1,0,0,1,0,0,2.045702691419236,-1.0,-1.8369701987210297e-16,0.9350162426854148,0.35460488704253557,23,73,1,0,0
418,6.966967138613983,1,0,0,0,1,0,0,0,1,0,1,0,0,1,0,0,1,0,0,1,0,2.075303885702134,0.49999999999999994,-0.8660254037844387,-0.12053668025532283,-0.992708874098054,75,212,1,0,0
419,7.390798521735676,0,0,1,0,1,0,0,1,0,1,0,0,1,0,0,1,0,0,1,0,0,2.127135691365678,-1.0,-1.8369701987210297e-16,0.992708874098054,-0.12053668025532288,71,225,1,0,0
420,5.525452939131784,0,0,0,1,0,0,1,0,1,1,0,0,1,0,0,1,0,0,1,0,0,1.8757103667584751,-1.0,-1.8369701987210297e-16,-0.12053668025532283,-0.992708874098054,23,160,0,0,0
421,8.169336395928386,0,0,1,0,0,0,1,0,1,0,0,1,0,0,1,0,0,1,0,0,1,2.215864916793538,1.2246467991473532e-16,-1.0,-0.8854560256532096,-0.4647231720437691,38,152,0,1,0
422,7.965892735084528,1,0,0,0,0,0,1,1,0,1,0,0,1,0,0,1,0,0,1,0,0,2.1934276821422247,-1.0,-1.8369701987210297e-16,0.992708874098054,-0.12053668025532288,23,225,0,1,0
423,7.147559271189454,0,1,0,0,1,0,0,1,0,1,0,0,1,0,0,1,0,0,1,0,0,2.0977184064732266,0.49999999999999994,-0.8660254037844387,0.992708874098054,-0.12053668025532288,15,225,1,0,0
424,7.131698510466912,0,0,0,1,0,0,1,0,1,1,0,0,1,0,0,1,0,0,1,0,0,2.095769820615829,-1.0,-1.8369701987210297e-16,-0.992708874098054,0.1205366802553232,23,199,1,0,0
425,7.2868764117507,0,0,0,1,0,0,1,1,0,1,0,0,1,0,0,1,0,0,1,0,0,2.114673108246672,-1.0,-1.8369701987210297e-16,0.992708874098054,-0.12053668025532288,23,225,1,0,0
426,5.525452939131784,1,0,0,0,1,0,0,1,0,1,0,0,1,0,0,1,0,0,1,0,0,1.8757103667584751,-1.0,-1.8369701987210297e-16,0.992708874098054,-0.12053668025532288,23,225,0,0,0
427,4.262679877041316,1,0,0,0,0,0,1,0,1,1,0,0,1,0,0,1,0,0,1,0,0,1.6606403793348097,-0.4999999999999997,-0.8660254037844388,1.0,-1.6081226496766366e-16,121,278,0,0,0
428,7.993282328101591,0,0,0,1,1,0,0,0,1,0,0,1,0,0,1,0,0,1,0,0,1,2.196477890646373,-2.4492935982947064e-16,1.0,0.35460488704253584,-0.9350162426854147,8,8,0,1,0
429,9.702044336534586,0,0,0,1,0,0,1,0,1,1,0,0,1,0,0,1,0,0,1,0,0,2.3704347827075343,-0.4999999999999997,-0.8660254037844388,-0.5680647467311556,-0.8229838658936566,121,104,0,0,1
430,9.462731997649378,0,0,0,1,0,0,1,1,0,1,0,0,1,0,0,1,0,0,1,0,0,2.3478196097775754,-0.8660254037844386,0.5000000000000001,0.992708874098054,-0.12053668025532288,82,225,0,0,1
431,8.416488487294606,0,0,0,1,0,0,1,1,0,1,0,0,1,0,0,1,0,0,1,0,0,2.242462247042095,-1.0,-1.8369701987210297e-16,0.992708874098054,-0.12053668025532288,23,225,0,1,0
432,6.698268054115413,1,0,0,0,1,0,0,1,0,1,0,0,1,0,0,1,0,0,1,0,0,2.040995375522574,0.49999999999999994,-0.8660254037844387,0.992708874098054,-0.12053668025532288,27,225,1,0,0
433,10.30998546045624,1,0,0,0,0,0,1,1,0,1,0,0,1,0,0,1,0,0,1,0,0,2.425686004579567,-0.5000000000000004,0.8660254037844384,0.992708874098054,-0.12053668025532288,57,225,0,0,1
434,9.474318717728728,1,0,0,0,1,0,0,0,1,1,0,0,1,0,0,1,0,0,1,0,0,2.3489264248127695,-0.8660254037844385,-0.5000000000000004,-0.992708874098054,0.1205366802553232,144,43,0,0,1
435,6.814542897259958,1,0,0,0,1,0,0,1,0,1,0,0,1,0,0,1,0,0,1,0,0,2.055986471729021,-1.0,-1.8369701987210297e-16,0.992708874098054,-0.12053668025532288,23,225,1,0,0
436,7.741099090035366,0,0,0,1,1,0,0,1,0,1,0,0,1,0,0,1,0,0,1,0,0,2.1680359357696948,-1.0,-1.8369701987210297e-16,0.992708874098054,-0.12053668025532288,23,225,1,0,0
437,6.066108090103747,0,0,1,0,0,0,1,0,1,1,0,0,1,0,0,1,0,0,1,0,0,1.9553098460324838,-1.0,-1.8369701987210297e-16,-0.2393156642875578,0.970941817426052,23,241,0,0,0
438,7.01301578963963,0,0,0,1,0,0,1,0,1,1,0,0,1,0,0,1,0,0,1,0,0,2.081067193296879,-1.0,-1.8369701987210297e-16,-0.992708874098054,0.1205366802553232,23,147,1,0,0
439,7.208600337960199,1,0,0,0,1,0,0,1,0,1,0,0,1,0,0,1,0,0,1,0,0,2.105182426343464,-1.0,-1.8369701987210297e-16,0.992708874098054,-0.12053668025532288,71,225,1,0,0
440,8.268988209506656,0,0,0,1,1,0,0,0,1,0,1,0,0,1,0,0,1,0,0,1,0,2.2266742268577864,0.8660254037844387,-0.4999999999999998,-0.7485107481711011,0.6631226582407952,124,298,0,1,0
441,7.836369760545124,0,0,0,1,1,0,0,1,0,1,0,0,1,0,0,1,0,0,1,0,0,2.178876131733589,-1.0,-1.8369701987210297e-16,0.992708874098054,-0.12053668025532288,23,225,0,1,0
442,6.2166061010848646,0,0,1,0,1,0,0,0,1,0,1,0,0,1,0,0,1,0,0,1,0,1.9763847732858002,-1.0,-1.8369701987210297e-16,-0.7485107481711011,0.6631226582407952,23,298,0,0,0
443,9.34145634983372,0,0,0,1,1,0,0,1,0,1,0,0,1,0,0,1,0,0,1,0,0,2.336160705374545,-2.4492935982947064e-16,1.0,0.992708874098054,-0.12053668025532288,116,225,0,0,1
444,7.438971592395862,0,0,1,0,1,0,0,1,0,1,0,0,1,0,0,1,0,0,1,0,0,2.1328604519414474,-0.5000000000000004,0.8660254037844384,0.992708874098054,-0.12053668025532288,69,225,1,0,0
445,5.484796933490655,1,0,0,0,1,0,0,1,0,1,0,0,1,0,0,1,0,0,1,0,0,1.8694605040153234,-1.0,-1.8369701987210297e-16,0.992708874098054,-0.12053668025532288,23,225,0,0,0
446,5.831882477283517,1,0,0,0,1,0,0,0,1,0,1,0,0,1,0,0,1,0,0,1,0,1.9216002545355522,-0.8660254037844386,0.5000000000000001,-0.5680647467311556,-0.8229838658936566,178,104,0,0,0
447,7.32052696227274,1,0,0,0,0,0,1,1,0,1,0,0,1,0,0,1,0,0,1,0,0,2.1187255896390536,-1.0,-1.8369701987210297e-16,0.992708874098054,-0.12053668025532288,23,225,1,0,0
448,8.286773231131251,1,0,0,0,0,0,1,1,0,1,0,0,1,0,0,1,0,0,1,0,0,2.2285911546138992,-1.0,-1.8369701987210297e-16,0.992708874098054,-0.12053668025532288,71,225,0,1,0
449,4.795790545596741,1,0,0,0,0,0,1,0,1,1,0,0,1,0,0,1,0,0,1,0,0,1.757131886054717,-2.4492935982947064e-16,1.0,-0.970941817426052,-0.23931566428755774,8,306,0,0,0
450,8.662331957082475,0,0,1,0,1,0,0,0,1,0,0,1,0,0,1,0,0,1,0,0,1,2.268235022515995,-0.5000000000000004,0.8660254037844384,0.9350162426854148,0.35460488704253557,249,73,0,1,0
451,7.808323050391055,1,0,0,0,1,0,0,0,1,1,0,0,1,0,0,1,0,0,1,0,0,2.175697075676845,0.8660254037844387,-0.4999999999999998,1.0,-1.6081226496766366e-16,76,278,0,1,0
452,7.523481312573497,1,0,0,0,0,0,1,0,1,0,1,0,0,1,0,0,1,0,0,1,0,2.142824862147179,-0.8660254037844385,-0.5000000000000004,0.5680647467311558,0.8229838658936564,24,234,1,0,0
453,11.2366579973337,1,0,0,0,0,0,1,1,0,1,0,0,1,0,0,1,0,0,1,0,0,2.5044362003686063,-1.0,-1.8369701987210297e-16,0.992708874098054,-0.12053668025532288,23,225,0,0,1
454,10.183049243755136,1,0,0,0,1,0,0,1,0,1,0,0,1,0,0,1,0,0,1,0,0,2.414399171484012,-1.0,-1.8369701987210297e-16,0.992708874098054,-0.12053668025532288,23,225,0,0,1
455,8.94389780251682,0,0,0,1,0,0,1,1,0,1,0,0,1,0,0,1,0,0,1,0,0,2.2969590768543937,-1.0,-1.8369701987210297e-16,0.992708874098054,-0.12053668025532288,59,225,0,0,1
456,4.948759890378168,1,0,0,0,0,0,1,1,0,1,0,0,1,0,0,1,0,0,1,0,0,1.783182776049518,-1.0,-1.8369701987210297e-16,0.992708874098054,-0.12053668025532288,23,225,0,0,0
457,9.48349239264364,0,0,0,1,0,0,1,0,1,1,0,0,1,0,0,1,0,0,1,0,0,2.349801866952456,-1.0,-1.8369701987210297e-16,-0.5680647467311556,-0.8229838658936566,23,104,0,0,1
458,8.128880142125638,0,0,1,0,1,0,0,1,0,1,0,0,1,0,0,1,0,0,1,0,0,2.211443030142567,-1.0,-1.8369701987210297e-16,0.992708874098054,-0.12053668025532288,23,225,0,1,0
459,5.525452939131784,1,0,0,0,1,0,0,0,1,0,1,0,0,1,0,0,1,0,0,1,0,1.8757103667584751,-1.0,-1.8369701987210297e-16,0.5680647467311558,0.8229838658936564,83,130,0,0,0
460,10.435614679722034,1,0,0,0,1,0,0,1,0,1,0,0,1,0,0,1,0,0,1,0,0,2.4367325802689557,0.8660254037844387,-0.4999999999999998,0.992708874098054,-0.12053668025532288,88,225,0,0,1
461,7.490529402060711,0,0,0,1,0,0,1,0,1,1,0,0,1,0,0,1,0,0,1,0,0,2.1389513543345293,-0.4999999999999997,-0.8660254037844388,-0.992708874098054,0.1205366802553232,25,95,1,0,0
462,10.699213884343516,1,0,0,0,1,0,0,1,0,1,0,0,1,0,0,1,0,0,1,0,0,2.459521650174054,-0.8660254037844385,-0.5000000000000004,0.992708874098054,-0.12053668025532288,84,225,0,0,1
463,8.333510708982942,1,0,0,0,1,0,0,1,0,1,0,0,1,0,0,1,0,0,1,0,0,2.233611225860397,-1.0,-1.8369701987210297e-16,0.992708874098054,-0.12053668025532288,23,225,0,1,0
464,6.255750041753367,0,0,1,0,1,0,0,1,0,1,0,0,1,0,0,1,0,0,1,0,0,1.9817942637290324,1.0,6.123233995736766e-17,0.992708874098054,-0.12053668025532288,77,225,0,0,0
465,9.295692039075686,0,0,0,1,0,0,1,1,0,1,0,0,1,0,0,1,0,0,1,0,0,2.331725559111806,0.8660254037844387,-0.4999999999999998,0.992708874098054,-0.12053668025532288,124,225,0,0,1
466,8.042699496897637,1,0,0,0,0,0,1,1,0,1,0,0,1,0,0,1,0,0,1,0,0,2.201957746740384,1.0,6.123233995736766e-17,0.992708874098054,-0.12053668025532288,149,225,0,1,0
467,9.922848906014748,1,0,0,0,0,0,1,1,0,1,0,0,1,0,0,1,0,0,1,0,0,2.3908568251203755,0.8660254037844387,-0.4999999999999998,0.992708874098054,-0.12053668025532288,88,225,0,0,1
468,8.568076401730806,0,0,1,0,0,0,1,1,0,1,0,0,1,0,0,1,0,0,1,0,0,2.258432182307123,-1.0,-1.8369701987210297e-16,0.992708874098054,-0.12053668025532288,35,225,0,1,0
469,6.566672429803241,0,0,1,0,0,0,1,1,0,1,0,0,1,0,0,1,0,0,1,0,0,2.0237533974669626,-1.0,-1.8369701987210297e-16,0.992708874098054,-0.12053668025532288,119,225,0,0,0
470,3.9318256327243257,1,0,0,0,0,0,1,1,0,1,0,0,1,0,0,1,0,0,1,0,0,1.5957092304038698,-1.0,-1.8369701987210297e-16,0.992708874098054,-0.12053668025532288,23,225,0,0,0
471,8.575650760987806,0,0,0,1,1,0,0,0,1,0,1,0,0,1,0,0,1,0,0,1,0,2.259223497351248,-1.0,-1.8369701987210297e-16,-0.7485107481711011,0.6631226582407952,23,298,0,1,0
472,8.523374050491318,0,0,1,0,0,0,1,1,0,1,0,0,1,0,0,1,0,0,1,0,0,2.253749203080796,-0.8660254037844385,-0.5000000000000004,0.992708874098054,-0.12053668025532288,48,225,0,1,0
473,3.9318256327243257,1,0,0,0,1,0,0,1,0,1,0,0,1,0,0,1,0,0,1,0,0,1.5957092304038698,-1.0,-1.8369701987210297e-16,0.992708874098054,-0.12053668025532288,23,225,0,0,0
474,9.603125426926972,0,0,1,0,1,0,0,0,1,0,0,1,0,0,1,0,0,1,0,0,1,2.361148809254716,-1.0,-1.8369701987210297e-16,0.992708874098054,-0.12053668025532288,23,225,0,0,1
475,4.948759890378168,1,0,0,0,1,0,0,1,0,1,0,0,1,0,0,1,0,0,1,0,0,1.783182776049518,-1.0,-1.8369701987210297e-16,0.992708874098054,-0.12053668025532288,119,225,0,0,0
476,9.024131268455037,0,0,0,1,1,0,0,1,0,1,0,0,1,0,0,1,0,0,1,0,0,2.304995312924527,-1.0,-1.8369701987210297e-16,0.992708874098054,-0.12053668025532288,107,225,0,0,1
477,6.647688373563329,0,0,0,1,1,0,0,0,1,1,0,0,1,0,0,1,0,0,1,0,0,2.034403428784452,-0.4999999999999997,-0.8660254037844388,-0.8854560256532096,-0.4647231720437691,61,256,1,0,0
478,7.57095858316901,0,0,0,1,0,0,1,1,0,1,0,0,1,0,0,1,0,0,1,0,0,2.148379579699845,1.0,6.123233995736766e-17,0.992708874098054,-0.12053668025532288,41,225,1,0,0
479,5.771441123130016,1,0,0,0,1,0,0,0,1,0,1,0,0,1,0,0,1,0,0,1,0,1.9127139332707952,-2.4492935982947064e-16,1.0,0.8854560256532099,0.4647231720437686,116,230,0,0,0
480,5.707110264748875,1,0,0,0,1,0,0,1,0,1,0,0,1,0,0,1,0,0,1,0,0,1.9031681972312866,-0.5000000000000004,0.8660254037844384,0.992708874098054,-0.12053668025532288,33,225,0,0,0
481,8.918784137975802,0,0,1,0,0,0,1,0,1,0,1,0,0,1,0,0,1,0,0,1,0,2.294430347048555,-1.0,-1.8369701987210297e-16,-0.822983865893657,0.5680647467311548,23,143,0,0,1
482,7.844240718141811,0,0,1,0,1,0,0,1,0,1,0,0,1,0,0,1,0,0,1,0,0,2.1797664808678716,-0.8660254037844386,0.5000000000000001,0.992708874098054,-0.12053668025532288,118,225,0,1,0
483,7.745435610274381,1,0,0,0,0,0,1,0,1,1,0,0,1,0,0,1,0,0,1,0,0,2.168531919725605,-1.0,-1.8369701987210297e-16,1.0,-1.6081226496766366e-16,47,278,1,0,0
484,9.568084743872936,1,0,0,0,0,0,1,1,0,1,0,0,1,0,0,1,0,0,1,0,0,2.357838586100906,1.0,6.123233995736766e-17,0.992708874098054,-0.12053668025532288,53,225,0,0,1
485,8.092851027538384,0,0,0,1,0,0,1,0,1,1,0,0,1,0,0,1,0,0,1,0,0,2.2074885034069283,-1.0,-1.8369701987210297e-16,0.46472317204376906,-0.8854560256532096,23,165,0,1,0
486,7.749753406274437,1,0,0,0,1,0,0,0,1,1,0,0,1,0,0,1,0,0,1,0,0,2.1690255178323348,-1.0,-1.8369701987210297e-16,-0.5680647467311556,-0.8229838658936566,23,104,1,0,0
487,7.687538766201629,0,0,0,1,0,0,1,0,1,1,0,0,1,0,0,1,0,0,1,0,0,2.161889673177545,-1.0,-1.8369701987210297e-16,-0.992708874098054,0.1205366802553232,35,147,1,0,0
488,7.969357742016346,1,0,0,0,0,0,1,1,0,1,0,0,1,0,0,1,0,0,1,0,0,2.1938140728401807,0.8660254037844387,-0.4999999999999998,0.992708874098054,-0.12053668025532288,16,225,0,1,0
489,9.613202094214232,1,0,0,0,1,0,0,0,1,1,0,0,1,0,0,1,0,0,1,0,0,2.362098706736729,-0.5000000000000004,0.8660254037844384,-0.970941817426052,-0.23931566428755774,21,306,0,0,1
490,6.493753839851686,1,0,0,0,1,0,0,0,1,1,0,0,1,0,0,1,0,0,1,0,0,2.014069852200787,0.8660254037844387,-0.4999999999999998,-0.992708874098054,0.1205366802553232,28,43,0,0,0
491,8.45126704130007,0,0,0,1,0,0,1,0,1,0,0,1,0,0,1,0,0,1,0,0,1,2.246148810962392,-1.0,-1.8369701987210297e-16,0.46472317204376906,-0.8854560256532096,23,165,0,1,0
492,7.462214939768189,1,0,0,0,1,0,0,0,1,1,0,0,1,0,0,1,0,0,1,0,0,2.135610952562404,1.0,6.123233995736766e-17,-0.992708874098054,0.1205366802553232,89,147,1,0,0
493,7.048386408721883,0,0,0,1,0,0,1,0,1,1,0,0,1,0,0,1,0,0,1,0,0,2.085471625216958,-1.0,-1.8369701987210297e-16,0.992708874098054,-0.12053668025532288,23,225,1,0,0
494,7.13966033596492,0,1,0,0,1,0,0,1,0,1,0,0,1,0,0,1,0,0,1,0,0,2.096748451375384,1.2246467991473532e-16,-1.0,0.992708874098054,-0.12053668025532288,50,225,1,0,0
495,8.607216694063826,0,0,0,1,1,0,0,0,1,1,0,0,1,0,0,1,0,0,1,0,0,2.2625145550245622,-1.0,-1.8369701987210297e-16,-0.970941817426052,-0.23931566428755774,23,306,0,1,0
496,7.930565854233965,0,0,0,1,0,0,1,1,0,1,0,0,1,0,0,1,0,0,1,0,0,2.1894797584166152,1.2246467991473532e-16,-1.0,0.992708874098054,-0.12053668025532288,2,225,0,1,0
497,7.384610383176974,1,0,0,0,0,0,1,1,0,1,0,0,1,0,0,1,0,0,1,0,0,2.1263979282656003,-1.0,-1.8369701987210297e-16,0.992708874098054,-0.12053668025532288,23,225,1,0,0
498,6.898714534329988,1,0,0,0,1,0,0,0,1,1,0,0,1,0,0,1,0,0,1,0,0,2.066700029059681,-1.0,-1.8369701987210297e-16,-0.992708874098054,0.1205366802553232,23,43,1,0,0
499,6.111467339502679,0,0,1,0,0,0,1,0,1,0,1,0,0,1,0,0,1,0,0,1,0,1.9617085993863232,-1.0,-1.8369701987210297e-16,0.5680647467311558,0.8229838658936564,23,130,0,0,0
500,9.2771575450135,0,0,0,1,0,0,1,0,1,1,0,0,1,0,0,1,0,0,1,0,0,2.3299237183895487,-1.0,-1.8369701987210297e-16,0.5680647467311558,0.8229838658936564,95,130,0,0,1
501,7.390798521735676,1,0,0,0,0,0,1,1,0,1,0,0,1,0,0,1,0,0,1,0,0,2.127135691365678,-1.0,-1.8369701987210297e-16,0.992708874098054,-0.12053668025532288,107,225,1,0,0
502,5.3981627015177525,1,0,0,0,1,0,0,0,1,1,0,0,1,0,0,1,0,0,1,0,0,1.85601087126303,0.8660254037844386,0.5000000000000001,-0.970941817426052,-0.23931566428755774,162,306,0,0,0
503,9.478916074688229,0,0,0,1,0,0,1,0,1,1,0,0,1,0,0,1,0,0,1,0,0,2.3493652455560885,-1.0,-1.8369701987210297e-16,0.992708874098054,-0.12053668025532288,107,225,0,0,1
504,6.710523109452428,0,0,1,0,0,0,1,1,0,1,0,0,1,0,0,1,0,0,1,0,0,2.042586033451661,-1.0,-1.8369701987210297e-16,0.992708874098054,-0.12053668025532288,23,225,1,0,0
505,5.860786223465865,1,0,0,0,1,0,0,0,1,0,1,0,0,1,0,0,1,0,0,1,0,1.9258220450052628,-1.0,-1.8369701987210297e-16,0.5680647467311558,0.8229838658936564,23,130,0,0,0
506,7.523481312573497,1,0,0,0,1,0,0,0,1,0,1,0,0,1,0,0,1,0,0,1,0,2.142824862147179,-2.4492935982947064e-16,1.0,0.8229838658936565,-0.5680647467311557,8,221,1,0,0
507,9.112837790614943,1,0,0,0,0,0,1,0,1,1,0,0,1,0,0,1,0,0,1,0,0,2.3138056851013875,0.8660254037844387,-0.4999999999999998,-0.970941817426052,-0.23931566428755774,52,306,0,0,1
508,7.155396301896734,1,0,0,0,0,0,1,0,1,1,0,0,1,0,0,1,0,0,1,0,0,2.098679831078209,-1.0,-1.8369701987210297e-16,-0.992708874098054,0.1205366802553232,23,199,1,0,0
509,8.464003362902119,1,0,0,0,1,0,0,0,1,1,0,0,1,0,0,1,0,0,1,0,0,2.2474954820122566,-0.4999999999999997,-0.8660254037844388,-0.970941817426052,-0.23931566428755774,85,306,0,1,0
510,9.019300924562506,1,0,0,0,0,0,1,1,0,1,0,0,1,0,0,1,0,0,1,0,0,2.3045133252150842,-1.0,-1.8369701987210297e-16,0.992708874098054,-0.12053668025532288,23,225,0,0,1
511,7.630946580890459,1,0,0,0,1,0,0,1,0,1,0,0,1,0,0,1,0,0,1,0,0,2.155354184003961,-1.0,-1.8369701987210297e-16,0.992708874098054,-0.12053668025532288,71,225,1,0,0
512,6.3818160174060985,0,1,0,0,0,1,0,0,1,0,0,1,0,0,1,0,0,1,0,0,1,1.9990196811606853,-1.0,-1.8369701987210297e-16,0.5680647467311558,0.8229838658936564,23,130,0,0,0
513,5.993961427306569,1,0,0,0,1,0,0,1,0,1,0,0,1,0,0,1,0,0,1,0,0,1.945047123513961,-0.8660254037844385,-0.5000000000000004,0.992708874098054,-0.12053668025532288,24,225,0,0,0
514,7.090909822079984,0,0,1,0,0,0,1,0,1,1,0,0,1,0,0,1,0,0,1,0,0,2.0907411873032014,-0.4999999999999997,-0.8660254037844388,-0.12053668025532283,-0.992708874098054,37,160,1,0,0
515,9.329100707697023,0,0,0,1,0,0,1,0,1,0,1,0,0,1,0,0,1,0,0,1,0,2.3349652229718365,-1.0,-1.8369701987210297e-16,0.8854560256532099,0.4647231720437686,23,230,0,0,1
516,3.044522437723423,1,0,0,0,0,0,1,0,1,0,0,1,0,0,1,0,0,1,0,0,1,1.3973634811730353,-1.0,-1.8369701987210297e-16,-0.8854560256532096,-0.4647231720437691,23,256,0,0,0
517,10.020870508171171,1,0,0,0,0,0,1,1,0,1,0,0,1,0,0,1,0,0,1,0,0,2.399790794086905,-1.0,-1.8369701987210297e-16,0.992708874098054,-0.12053668025532288,23,225,0,0,1
518,8.11102783819368,0,0,0,1,0,0,1,0,1,1,0,0,1,0,0,1,0,0,1,0,0,2.2094855301758165,1.0,6.123233995736766e-17,1.0,-1.6081226496766366e-16,5,278,0,1,0
519,7.828436359157585,0,0,1,0,0,0,1,0,1,1,0,0,1,0,0,1,0,0,1,0,0,2.177977916166754,-0.8660254037844385,-0.5000000000000004,0.12053668025532305,0.992708874098054,72,186,0,1,0
520,8.839421607620602,1,0,0,0,0,0,1,0,1,0,0,1,0,0,1,0,0,1,0,0,1,2.2863969296232134,-1.0,-1.8369701987210297e-16,-0.992708874098054,0.1205366802553232,23,147,0,0,1
521,9.831508082743964,0,0,0,1,1,0,0,0,1,0,0,1,0,0,1,0,0,1,0,0,1,2.382459301802658,-0.5000000000000004,0.8660254037844384,-0.4647231720437684,0.88545602565321,153,191,0,0,1
522,8.87640491500694,0,0,0,1,0,0,1,0,1,1,0,0,1,0,0,1,0,0,1,0,0,2.2901485705419073,-0.5000000000000004,0.8660254037844384,0.8854560256532099,0.4647231720437686,33,230,0,0,1
523,3.9318256327243257,0,0,1,0,0,0,1,1,0,1,0,0,1,0,0,1,0,0,1,0,0,1.5957092304038698,-0.5000000000000004,0.8660254037844384,0.992708874098054,-0.12053668025532288,21,225,0,0,0
524,10.617931341885154,1,0,0,0,0,0,1,1,0,1,0,0,1,0,0,1,0,0,1,0,0,2.4525497099199947,-1.0,-1.8369701987210297e-16,0.992708874098054,-0.12053668025532288,23,225,0,0,1
525,7.534228326274089,0,0,0,1,0,0,1,1,0,1,0,0,1,0,0,1,0,0,1,0,0,2.144084939302921,-1.0,-1.8369701987210297e-16,0.992708874098054,-0.12053668025532288,23,225,1,0,0
526,4.795790545596741,1,0,0,0,1,0,0,0,1,0,0,1,0,0,1,0,0,1,0,0,1,1.757131886054717,-1.0,-1.8369701987210297e-16,-0.4647231720437684,0.88545602565321,23,191,0,0,0
527,8.670943791222156,0,0,0,1,0,0,1,1,0,1,0,0,1,0,0,1,0,0,1,0,0,2.269125904622202,0.8660254037844387,-0.4999999999999998,0.992708874098054,-0.12053668025532288,88,225,0,1,0
528,9.934065253000266,1,0,0,0,0,0,1,0,1,1,0,0,1,0,0,1,0,0,1,0,0,2.391883168353323,-1.0,-1.8369701987210297e-16,-0.970941817426052,-0.23931566428755774,23,306,0,0,1
529,9.46660917372222,0,0,0,1,0,0,1,1,0,1,0,0,1,0,0,1,0,0,1,0,0,2.348190111274536,-1.0,-1.8369701987210297e-16,0.992708874098054,-0.12053668025532288,35,225,0,0,1
530,9.807031716718498,1,0,0,0,0,0,1,1,0,1,0,0,1,0,0,1,0,0,1,0,0,2.3801970071477108,-1.0,-1.8369701987210297e-16,0.992708874098054,-0.12053668025532288,23,225,0,0,1
531,8.301769763117166,1,0,0,0,0,0,1,1,0,1,0,0,1,0,0,1,0,0,1,0,0,2.230204679164385,-1.0,-1.8369701987210297e-16,0.992708874098054,-0.12053668025532288,23,225,0,1,0
532,6.976348070447749,1,0,0,0,0,0,1,1,0,1,0,0,1,0,0,1,0,0,1,0,0,2.076480671432496,-0.8660254037844385,-0.5000000000000004,0.992708874098054,-0.12053668025532288,60,225,1,0,0
533,8.691314551644853,1,0,0,0,0,0,1,1,0,1,0,0,1,0,0,1,0,0,1,0,0,2.2712300773460656,-1.0,-1.8369701987210297e-16,0.992708874098054,-0.12053668025532288,23,225,0,1,0
534,7.090909822079984,0,0,0,1,1,0,0,0,1,1,0,0,1,0,0,1,0,0,1,0,0,2.0907411873032014,-1.0,-1.8369701987210297e-16,-0.7485107481711011,0.6631226582407952,71,298,1,0,0
535,8.18060094759445,1,0,0,0,1,0,0,1,0,1,0,0,1,0,0,1,0,0,1,0,0,2.2170926651907306,0.8660254037844387,-0.4999999999999998,0.992708874098054,-0.12053668025532288,100,225,0,1,0
536,8.45553053102413,1,0,0,0,0,0,1,0,1,0,1,0,0,1,0,0,1,0,0,1,0,2.246599811696918,-1.0,-1.8369701987210297e-16,-0.5680647467311556,-0.8229838658936566,155,104,0,1,0
537,6.398594934535208,1,0,0,0,1,0,0,0,1,1,0,0,1,0,0,1,0,0,1,0,0,2.0012901084703705,0.49999999999999994,-0.8660254037844387,0.12053668025532305,0.992708874098054,159,186,0,0,0
538,6.898714534329988,1,0,0,0,1,0,0,1,0,1,0,0,1,0,0,1,0,0,1,0,0,2.066700029059681,0.8660254037844386,0.5000000000000001,0.992708874098054,-0.12053668025532288,66,225,1,0,0
539,6.647688373563329,1,0,0,0,1,0,0,0,1,1,0,0,1,0,0,1,0,0,1,0,0,2.034403428784452,0.49999999999999994,-0.8660254037844387,-0.992708874098054,0.1205366802553232,27,43,1,0,0
540,6.698268054115413,0,0,0,1,0,0,1,0,1,1,0,0,1,0,0,1,0,0,1,0,0,2.040995375522574,-1.0,-1.8369701987210297e-16,-0.4647231720437684,0.88545602565321,23,139,1,0,0
541,6.478509642208569,1,0,0,0,0,0,1,1,0,1,0,0,1,0,0,1,0,0,1,0,0,2.012033526440284,-0.4999999999999997,-0.8660254037844388,0.992708874098054,-0.12053668025532288,301,225,0,0,0
542,8.893023494394711,1,0,0,0,1,0,0,0,1,1,0,0,1,0,0,1,0,0,1,0,0,2.2918298111886357,-1.0,-1.8369701987210297e-16,0.12053668025532305,0.992708874098054,35,134,0,0,1
543,6.985641817639208,0,0,1,0,1,0,0,1,0,1,0,0,1,0,0,1,0,0,1,0,0,2.077645156350333,-2.4492935982947064e-16,1.0,0.992708874098054,-0.12053668025532288,32,225,1,0,0
544,5.525452939131784,1,0,0,0,1,0,0,0,1,1,0,0,1,0,0,1,0,0,1,0,0,1.8757103667584751,-2.4492935982947064e-16,1.0,1.0,-1.6081226496766366e-16,164,278,0,0,0
545,8.521384396034705,1,0,0,0,0,0,1,0,1,0,1,0,0,1,0,0,1,0,0,1,0,2.2535402579823915,0.49999999999999994,-0.8660254037844387,0.8229838658936565,-0.5680647467311557,111,65,0,1,0
546,6.364750756851911,1,0,0,0,1,0,0,1,0,1,0,0,1,0,0,1,0,0,1,0,0,1.9967052077739862,0.49999999999999994,0.8660254037844387,0.992708874098054,-0.12053668025532288,127,225,0,0,0
547,9.103979355984771,0,0,0,1,0,0,1,0,1,0,0,1,0,0,1,0,0,1,0,0,1,2.3129293418933683,-0.5000000000000004,0.8660254037844384,-0.8854560256532096,-0.4647231720437691,69,256,0,0,1
548,8.232440158470336,0,0,0,1,0,0,1,1,0,1,0,0,1,0,0,1,0,0,1,0,0,2.2227233861064986,0.8660254037844386,0.5000000000000001,0.992708874098054,-0.12053668025532288,78,225,0,1,0
549,7.754052639035757,1,0,0,0,0,0,1,1,0,1,0,0,1,0,0,1,0,0,1,0,0,2.1695167518915612,-1.0,-1.8369701987210297e-16,0.992708874098054,-0.12053668025532288,23,225,0,1,0
550,3.9318256327243257,0,0,0,1,0,0,1,1,0,1,0,0,1,0,0,1,0,0,1,0,0,1.5957092304038698,1.2246467991473532e-16,-1.0,0.992708874098054,-0.12053668025532288,2,225,0,0,0
551,7.692113339595466,1,0,0,0,0,0,1,1,0,1,0,0,1,0,0,1,0,0,1,0,0,2.1624161018392503,-1.0,-1.8369701987210297e-16,0.992708874098054,-0.12053668025532288,23,225,1,0,0
552,8.357259153499912,1,0,0,0,1,0,0,0,1,1,0,0,1,0,0,1,0,0,1,0,0,2.2361524221269695,-0.4999999999999997,-0.8660254037844388,-0.970941817426052,-0.23931566428755774,85,306,0,1,0
553,8.019941687677365,0,0,1,0,1,0,0,0,1,1,0,0,1,0,0,1,0,0,1,0,0,2.1994378692728556,-1.0,-1.8369701987210297e-16,1.0,-1.6081226496766366e-16,155,278,0,1,0
554,7.090909822079984,0,0,1,0,0,0,1,1,0,1,0,0,1,0,0,1,0,0,1,0,0,2.0907411873032014,-1.0,-1.8369701987210297e-16,0.992708874098054,-0.12053668025532288,23,225,1,0,0
555,7.353081920515432,0,0,0,1,1,0,0,0,1,0,0,1,0,0,1,0,0,1,0,0,1,2.1226305630422626,0.49999999999999994,0.8660254037844387,0.9350162426854148,0.35460488704253557,19,125,1,0,0
556,7.039660349862076,0,0,0,1,0,0,1,1,0,1,0,0,1,0,0,1,0,0,1,0,0,2.0843868372564978,-0.5000000000000004,0.8660254037844384,0.992708874098054,-0.12053668025532288,9,225,1,0,0
557,5.525452939131784,1,0,0,0,1,0,0,1,0,1,0,0,1,0,0,1,0,0,1,0,0,1.8757103667584751,-1.0,-1.8369701987210297e-16,0.992708874098054,-0.12053668025532288,23,225,0,0,0
558,8.006700845440367,1,0,0,0,1,0,0,1,0,1,0,0,1,0,0,1,0,0,1,0,0,2.1979688386872795,0.8660254037844386,0.5000000000000001,0.992708874098054,-0.12053668025532288,66,225,0,1,0
559,8.271548374755515,0,0,0,1,1,0,0,0,1,0,1,0,0,1,0,0,1,0,0,1,0,2.2269503963476494,-0.5000000000000004,0.8660254037844384,0.5680647467311558,0.8229838658936564,105,130,0,1,0
560,7.555381944240273,0,0,1,0,0,0,1,1,0,1,0,0,1,0,0,1,0,0,1,0,0,2.1465605520799182,-0.4999999999999997,-0.8660254037844388,0.992708874098054,-0.12053668025532288,25,225,1,0,0
561,9.568084743872936,0,0,0,1,1,0,0,1,0,1,0,0,1,0,0,1,0,0,1,0,0,2.357838586100906,-1.0,-1.8369701987210297e-16,0.992708874098054,-0.12053668025532288,23,225,0,0,1
562,7.099201743553092,0,1,0,0,0,0,1,1,0,1,0,0,1,0,0,1,0,0,1,0,0,2.0917655066433745,-1.0,-1.8369701987210297e-16,0.992708874098054,-0.12053668025532288,23,225,1,0,0
563,6.55250788703459,1,0,0,0,1,0,0,0,1,1,0,0,1,0,0,1,0,0,1,0,0,2.0218796785726947,1.0,6.123233995736766e-17,0.9350162426854148,0.35460488704253557,5,73,0,0,0
564,8.785845337961213,0,0,0,1,0,0,1,0,1,1,0,0,1,0,0,1,0,0,1,0,0,2.2809369883236075,-1.0,-1.8369701987210297e-16,0.992708874098054,-0.12053668025532288,23,121,0,1,0
565,5.081404364984463,1,0,0,0,0,0,1,1,0,1,0,0,1,0,0,1,0,0,1,0,0,1.8052356503890232,-0.4999999999999997,-0.8660254037844388,0.992708874098054,-0.12053668025532288,97,225,0,0,0
566,8.19450550976564,1,0,0,0,1,0,0,0,1,1,0,0,1,0,0,1,0,0,1,0,0,2.2186060784444055,-1.0,-1.8369701987210297e-16,-0.992708874098054,0.1205366802553232,23,95,0,1,0
567,6.918695219020472,0,0,1,0,1,0,0,0,1,0,1,0,0,1,0,0,1,0,0,1,0,2.0692264471812014,-1.0,-1.8369701987210297e-16,0.8229838658936565,-0.5680647467311557,35,221,1,0,0
568,8.359603270841466,0,0,0,1,0,0,1,0,1,1,0,0,1,0,0,1,0,0,1,0,0,2.2364029039973454,-1.0,-1.8369701987210297e-16,0.12053668025532305,0.992708874098054,23,134,0,1,0
569,7.201170883281678,1,0,0,0,1,0,0,1,0,1,0,0,1,0,0,1,0,0,1,0,0,2.104276934720701,-1.0,-1.8369701987210297e-16,0.992708874098054,-0.12053668025532288,107,225,1,0,0
570,5.198497031265826,1,0,0,0,1,0,0,1,0,1,0,0,1,0,0,1,0,0,1,0,0,1.8243068483519838,-0.5000000000000004,0.8660254037844384,0.992708874098054,-0.12053668025532288,105,225,0,0,0
571,7.65491704784832,0,0,0,1,1,0,0,0,1,1,0,0,1,0,0,1,0,0,1,0,0,2.158127604278178,-0.5000000000000004,0.8660254037844384,-0.992708874098054,0.1205366802553232,237,43,1,0,0
572,9.130322663990151,0,0,0,1,0,0,1,0,1,1,0,0,1,0,0,1,0,0,1,0,0,2.3155331700721873,0.8660254037844387,-0.4999999999999998,-0.970941817426052,-0.23931566428755774,136,306,0,0,1
573,7.0825485693553,1,0,0,0,1,0,0,0,1,1,0,0,1,0,0,1,0,0,1,0,0,2.0897072397989382,-0.5000000000000004,0.8660254037844384,-0.9350162426854147,-0.3546048870425359,33,99,1,0,0
574,8.38958706681109,0,0,0,1,1,0,0,1,0,1,0,0,1,0,0,1,0,0,1,0,0,2.2396013164077413,-1.0,-1.8369701987210297e-16,0.992708874098054,-0.12053668025532288,23,225,0,1,0
575,6.8679744089702925,1,0,0,0,1,0,0,0,1,1,0,0,1,0,0,1,0,0,1,0,0,2.062800647975805,0.49999999999999994,-0.8660254037844387,1.0,-1.6081226496766366e-16,87,278,1,0,0
576,3.9318256327243257,0,0,1,0,1,0,0,1,0,1,0,0,1,0,0,1,0,0,1,0,0,1.5957092304038698,-0.5000000000000004,0.8660254037844384,0.992708874098054,-0.12053668025532288,105,225,0,0,0
577,7.7279755421055585,1,0,0,0,0,0,1,0,1,0,0,1,0,0,1,0,0,1,0,0,1,2.1665334462932915,-1.0,-1.8369701987210297e-16,-0.8854560256532096,-0.4647231720437691,23,152,1,0,0
578,9.44943600950432,0,0,0,1,1,0,0,1,0,1,0,0,1,0,0,1,0,0,1,0,0,2.3465480065720046,0.8660254037844387,-0.4999999999999998,0.992708874098054,-0.12053668025532288,28,225,0,0,1
579,9.95089580993112,0,0,1,0,1,0,0,1,0,1,0,0,1,0,0,1,0,0,1,0,0,2.3934212620424553,-0.5000000000000004,0.8660254037844384,0.992708874098054,-0.12053668025532288,33,225,0,0,1
580,5.14166355650266,1,0,0,0,0,0,1,1,0,1,0,0,1,0,0,1,0,0,1,0,0,1.8150956430032537,0.8660254037844386,0.5000000000000001,0.992708874098054,-0.12053668025532288,78,225,0,0,0
581,8.888894669371593,1,0,0,0,1,0,0,1,0,1,0,0,1,0,0,1,0,0,1,0,0,2.2914123769389443,-2.4492935982947064e-16,1.0,0.992708874098054,-0.12053668025532288,20,225,0,0,1
582,4.795790545596741,1,0,0,0,1,0,0,1,0,1,0,0,1,0,0,1,0,0,1,0,0,1.757131886054717,-1.0,-1.8369701987210297e-16,0.992708874098054,-0.12053668025532288,23,225,0,0,0
583,7.878912912297133,1,0,0,0,1,0,0,1,0,1,0,0,1,0,0,1,0,0,1,0,0,2.183679129723806,-0.5000000000000004,0.8660254037844384,0.992708874098054,-0.12053668025532288,153,225,0,1,0
584,7.215975002651466,0,0,0,1,1,0,0,0,1,0,0,1,0,0,1,0,0,1,0,0,1,2.1060804301011156,-1.0,-1.8369701987210297e-16,-0.8854560256532096,-0.4647231720437691,23,256,1,0,0
585,6.089044875446846,0,0,0,1,0,0,1,1,0,1,0,0,1,0,0,1,0,0,1,0,0,1.9585506171458116,0.8660254037844387,-0.4999999999999998,0.992708874098054,-0.12053668025532288,16,225,0,0,0
586,5.525452939131784,1,0,0,0,0,0,1,1,0,1,0,0,1,0,0,1,0,0,1,0,0,1.8757103667584751,-0.8660254037844386,0.5000000000000001,0.992708874098054,-0.12053668025532288,82,225,0,0,0
587,5.802118375377063,0,0,0,1,0,0,1,0,1,1,0,0,1,0,0,1,0,0,1,0,0,1.9172340894587216,-1.0,-1.8369701987210297e-16,0.992708874098054,-0.12053668025532288,107,225,0,0,0
588,9.662752677191516,0,0,0,1,0,0,1,1,0,1,0,0,1,0,0,1,0,0,1,0,0,2.366756610280646,1.0,6.123233995736766e-17,0.992708874098054,-0.12053668025532288,65,225,0,0,1
589,5.8888779583328805,1,0,0,0,0,0,1,0,1,0,1,0,0,1,0,0,1,0,0,1,0,1.9299082210139993,-1.0,-1.8369701987210297e-16,0.8229838658936565,-0.5680647467311557,23,117,0,0,0
590,8.416488487294606,0,0,0,1,0,0,1,0,1,1,0,0,1,0,0,1,0,0,1,0,0,2.242462247042095,-1.0,-1.8369701987210297e-16,-0.5680647467311556,-0.8229838658936566,59,104,0,1,0
591,8.114025442356757,1,0,0,0,0,0,1,0,1,0,0,1,0,0,1,0,0,1,0,0,1,2.2098144844064533,-1.0,-1.8369701987210297e-16,0.46472317204376906,-0.8854560256532096,23,165,0,1,0
592,7.840312983320164,1,0,0,0,1,0,0,1,0,1,0,0,1,0,0,1,0,0,1,0,0,2.179322281375757,1.2246467991473532e-16,-1.0,0.992708874098054,-0.12053668025532288,122,225,0,1,0
593,10.406109618951431,1,0,0,0,0,0,1,1,0,1,0,0,1,0,0,1,0,0,1,0,0,2.434149143327428,1.0,6.123233995736766e-17,0.992708874098054,-0.12053668025532288,65,225,0,0,1
594,7.490529402060711,1,0,0,0,1,0,0,1,0,1,0,0,1,0,0,1,0,0,1,0,0,2.1389513543345293,-0.8660254037844386,0.5000000000000001,0.992708874098054,-0.12053668025532288,46,225,1,0,0
595,7.030857476116121,0,0,1,0,0,0,1,1,0,1,0,0,1,0,0,1,0,0,1,0,0,2.0832913063318936,1.2246467991473532e-16,-1.0,0.992708874098054,-0.12053668025532288,2,225,1,0,0
596,5.673323267171493,0,0,1,0,1,0,0,1,0,1,0,0,1,0,0,1,0,0,1,0,0,1.898117976801967,-1.0,-1.8369701987210297e-16,0.992708874098054,-0.12053668025532288,107,225,0,0,0
597,5.017279836814924,1,0,0,0,1,0,0,0,1,0,0,1,0,0,1,0,0,1,0,0,1,1.7946353028541102,-1.0,-1.8369701987210297e-16,0.12053668025532305,0.992708874098054,83,186,0,0,0
598,6.311734809152915,0,0,1,0,1,0,0,0,1,1,0,0,1,0,0,1,0,0,1,0,0,1.9894805655993109,-2.4492935982947064e-16,1.0,-0.992708874098054,0.1205366802553232,20,43,0,0,0
599,6.364750756851911,0,0,0,1,0,0,1,1,0,1,0,0,1,0,0,1,0,0,1,0,0,1.9967052077739862,-0.5000000000000004,0.8660254037844384,0.992708874098054,-0.12053668025532288,9,225,0,0,0
600,9.760828918798548,0,0,0,1,0,0,1,0,1,0,1,0,0,1,0,0,1,0,0,1,0,2.3759125888294985,1.2246467991473532e-16,-1.0,0.8854560256532099,0.4647231720437686,62,230,0,0,1
601,9.014447135152134,0,0,0,1,1,0,0,0,1,1,0,0,1,0,0,1,0,0,1,0,0,2.3040287639147348,0.8660254037844387,-0.4999999999999998,0.992708874098054,-0.12053668025532288,16,225,0,0,1
602,7.905072849498666,1,0,0,0,1,0,0,0,1,0,0,1,0,0,1,0,0,1,0,0,1,2.1866210974491698,-0.4999999999999997,-0.8660254037844388,0.46472317204376906,-0.8854560256532096,169,165,0,1,0
603,5.831882477283517,1,0,0,0,1,0,0,0,1,1,0,0,1,0,0,1,0,0,1,0,0,1.9216002545355522,0.8660254037844387,-0.4999999999999998,1.0,-1.6081226496766366e-16,100,278,0,0,0
604,9.30118605527576,0,0,0,1,1,0,0,1,0,1,0,0,1,0,0,1,0,0,1,0,0,2.3322590396038696,1.0,6.123233995736766e-17,0.992708874098054,-0.12053668025532288,17,225,0,0,1
605,9.240966565517944,0,0,0,1,1,0,0,0,1,1,0,0,1,0,0,1,0,0,1,0,0,2.3263960063206577,0.8660254037844387,-0.4999999999999998,-0.970941817426052,-0.23931566428755774,148,306,0,0,1
606,7.72356247227797,1,0,0,0,1,0,0,1,0,1,0,0,1,0,0,1,0,0,1,0,0,2.1660276948898316,-0.5000000000000004,0.8660254037844384,0.992708874098054,-0.12053668025532288,93,225,1,0,0
607,5.860786223465865,1,0,0,0,1,0,0,0,1,1,0,0,1,0,0,1,0,0,1,0,0,1.9258220450052628,-0.8660254037844385,-0.5000000000000004,0.992708874098054,-0.12053668025532288,192,225,0,0,0
608,9.818528613308937,1,0,0,0,0,0,1,0,1,1,0,0,1,0,0,1,0,0,1,0,0,2.3812602764917767,0.8660254037844386,0.5000000000000001,0.992708874098054,-0.12053668025532288,30,225,0,0,1
609,7.635786861395585,1,0,0,0,1,0,0,1,0,1,0,0,1,0,0,1,0,0,1,0,0,2.1559148321020034,-1.0,-1.8369701987210297e-16,0.992708874098054,-0.12053668025532288,95,225,1,0,0
610,6.493753839851686,1,0,0,0,1,0,0,1,0,1,0,0,1,0,0,1,0,0,1,0,0,2.014069852200787,0.49999999999999994,0.8660254037844387,0.992708874098054,-0.12053668025532288,103,225,0,0,0
611,8.997270906233448,1,0,0,0,1,0,0,0,1,1,0,0,1,0,0,1,0,0,1,0,0,2.30231214637085,-2.4492935982947064e-16,1.0,-0.992708874098054,0.1205366802553232,152,43,0,0,1
612,7.820439515262181,0,0,0,1,0,0,1,0,1,1,0,0,1,0,0,1,0,0,1,0,0,2.1770717004395226,-0.5000000000000004,0.8660254037844384,-0.5680647467311556,-0.8229838658936566,33,312,0,1,0
613,5.525452939131784,0,0,1,0,1,0,0,0,1,1,0,0,1,0,0,1,0,0,1,0,0,1.8757103667584751,1.2246467991473532e-16,-1.0,0.992708874098054,-0.12053668025532288,98,225,0,0,0
614,7.057036981697891,1,0,0,0,1,0,0,1,0,1,0,0,1,0,0,1,0,0,1,0,0,2.086545868792951,-2.4492935982947064e-16,1.0,0.992708874098054,-0.12053668025532288,32,225,1,0,0
615,6.594413459749778,0,0,0,1,1,0,0,1,0,1,0,0,1,0,0,1,0,0,1,0,0,2.0274129059095127,-0.8660254037844385,-0.5000000000000004,0.992708874098054,-0.12053668025532288,96,225,1,0,0
616,8.019941687677365,1,0,0,0,0,0,1,0,1,0,0,1,0,0,1,0,0,1,0,0,1,2.1994378692728556,-0.8660254037844385,-0.5000000000000004,-0.8854560256532096,-0.4647231720437691,48,256,0,1,0
617,9.098402718735318,1,0,0,0,0,0,1,0,1,1,0,0,1,0,0,1,0,0,1,0,0,2.3123772646808427,-1.0,-1.8369701987210297e-16,0.8854560256532099,0.4647231720437686,23,230,0,0,1
618,9.201400530406708,0,0,0,1,0,0,1,1,0,1,0,0,1,0,0,1,0,0,1,0,0,2.3225250177671137,-1.0,-1.8369701987210297e-16,0.992708874098054,-0.12053668025532288,23,225,0,0,1
619,7.378383712996714,1,0,0,0,1,0,0,0,1,0,1,0,0,1,0,0,1,0,0,1,0,2.1256550215472756,1.2246467991473532e-16,-1.0,-0.7485107481711011,0.6631226582407952,110,298,1,0,0
620,8.601718146485926,0,0,0,1,0,0,1,0,1,1,0,0,1,0,0,1,0,0,1,0,0,2.2619420560522117,-1.0,-1.8369701987210297e-16,-0.992708874098054,0.1205366802553232,23,43,0,1,0
621,3.4339872044851463,1,0,0,0,1,0,0,1,0,1,0,0,1,0,0,1,0,0,1,0,0,1.4892992254175486,-0.4999999999999997,-0.8660254037844388,0.992708874098054,-0.12053668025532288,157,225,0,0,0
622,7.75190533307861,1,0,0,0,0,0,1,1,0,1,0,0,1,0,0,1,0,0,1,0,0,2.169271429016762,-1.0,-1.8369701987210297e-16,0.992708874098054,-0.12053668025532288,23,225,1,0,0
623,8.314097335405807,1,0,0,0,1,0,0,0,1,1,0,0,1,0,0,1,0,0,1,0,0,2.231529094946401,1.0,6.123233995736766e-17,1.0,-1.6081226496766366e-16,53,278,0,1,0
624,8.842315546841863,1,0,0,0,0,0,1,1,0,1,0,0,1,0,0,1,0,0,1,0,0,2.286691003181803,-1.0,-1.8369701987210297e-16,0.992708874098054,-0.12053668025532288,47,225,0,0,1
625,7.065613363597717,1,0,0,0,1,0,0,0,1,0,1,0,0,1,0,0,1,0,0,1,0,2.087609761208291,0.8660254037844387,-0.4999999999999998,0.46472317204376906,-0.8854560256532096,52,165,1,0,0
626,9.281823473598047,0,0,1,0,0,0,1,1,0,1,0,0,1,0,0,1,0,0,1,0,0,2.330377624997122,-0.5000000000000004,0.8660254037844384,0.992708874098054,-0.12053668025532288,21,225,0,0,1
627,8.286773231131251,0,0,1,0,0,0,1,1,0,1,0,0,1,0,0,1,0,0,1,0,0,2.2285911546138992,1.0,6.123233995736766e-17,0.992708874098054,-0.12053668025532288,65,225,0,1,0
628,7.687538766201629,1,0,0,0,0,0,1,1,0,1,0,0,1,0,0,1,0,0,1,0,0,2.161889673177545,-1.0,-1.8369701987210297e-16,0.992708874098054,-0.12053668025532288,23,225,1,0,0
629,6.236369590203704,0,0,0,1,1,0,0,0,1,0,0,1,0,0,1,0,0,1,0,0,1,1.9791196428184719,-0.4999999999999997,-0.8660254037844388,0.35460488704253584,-0.9350162426854147,13,8,0,0,0
630,7.43307534889858,1,0,0,0,1,0,0,1,0,1,0,0,1,0,0,1,0,0,1,0,0,2.1321615155577556,0.8660254037844387,-0.4999999999999998,0.992708874098054,-0.12053668025532288,4,225,1,0,0
631,7.962415680121064,0,0,0,1,0,0,1,0,1,0,0,1,0,0,1,0,0,1,0,0,1,2.1930397978057297,-1.0,-1.8369701987210297e-16,-0.8854560256532096,-0.4647231720437691,23,152,0,1,0
632,8.11701408773731,1,0,0,0,1,0,0,1,0,1,0,0,1,0,0,1,0,0,1,0,0,2.210142347817905,0.8660254037844386,0.5000000000000001,0.992708874098054,-0.12053668025532288,66,225,0,1,0
633,9.36228862824824,0,0,0,1,1,0,0,0,1,1,0,0,1,0,0,1,0,0,1,0,0,2.3381731224968734,0.8660254037844387,-0.4999999999999998,0.46472317204376906,-0.8854560256532096,124,217,0,0,1
634,9.831508082743964,0,0,0,1,1,0,0,1,0,1,0,0,1,0,0,1,0,0,1,0,0,2.382459301802658,-1.0,-1.8369701987210297e-16,0.992708874098054,-0.12053668025532288,23,225,0,0,1
635,10.223067921487123,1,0,0,0,1,0,0,1,0,1,0,0,1,0,0,1,0,0,1,0,0,2.417971296006104,0.8660254037844387,-0.4999999999999998,0.992708874098054,-0.12053668025532288,16,225,0,0,1
636,6.580639137284949,0,0,1,0,1,0,0,0,1,1,0,0,1,0,0,1,0,0,1,0,0,2.025597515002669,-0.8660254037844386,0.5000000000000001,1.0,-1.6081226496766366e-16,130,278,0,0,0
637,9.189218875354072,0,0,0,1,0,0,1,0,1,0,1,0,0,1,0,0,1,0,0,1,0,2.32133018829583,-1.0,-1.8369701987210297e-16,-0.5680647467311556,-0.8229838658936566,23,312,0,0,1
638,9.227295812625597,0,0,0,1,1,0,0,1,0,1,0,0,1,0,0,1,0,0,1,0,0,2.3250602060780596,-0.5000000000000004,0.8660254037844384,0.992708874098054,-0.12053668025532288,165,225,0,0,1
639,8.95944014361693,1,0,0,0,1,0,0,1,0,1,0,0,1,0,0,1,0,0,1,0,0,2.298520859536411,-0.5000000000000004,0.8660254037844384,0.992708874098054,-0.12053668025532288,105,225,0,0,1
640,8.99230873254815,0,0,0,1,0,0,1,1,0,1,0,0,1,0,0,1,0,0,1,0,0,2.3018156703191375,-1.0,-1.8369701987210297e-16,0.992708874098054,-0.12053668025532288,23,225,0,0,1
641,6.415096959171596,1,0,0,0,0,0,1,0,1,0,0,1,0,0,1,0,0,1,0,0,1,2.003518051589582,-2.4492935982947064e-16,1.0,-0.9350162426854147,-0.3546048870425359,140,99,0,0,0
642,6.274762021241939,0,0,1,0,0,0,1,0,1,0,0,1,0,0,1,0,0,1,0,0,1,1.9844111006657337,0.8660254037844387,-0.4999999999999998,-0.8854560256532096,-0.4647231720437691,124,256,0,0,0
643,5.442417710521793,1,0,0,0,1,0,0,0,1,0,1,0,0,1,0,0,1,0,0,1,0,1.8629038905519502,1.2246467991473532e-16,-1.0,0.8229838658936565,-0.5680647467311557,62,273,0,0,0
644,8.301769763117166,0,0,1,0,1,0,0,0,1,1,0,0,1,0,0,1,0,0,1,0,0,2.230204679164385,-2.4492935982947064e-16,1.0,0.992708874098054,-0.12053668025532288,128,225,0,1,0
645,4.51085950651685,1,0,0,0,1,0,0,0,1,0,1,0,0,1,0,0,1,0,0,1,0,1.7067206012930416,-1.0,-1.8369701987210297e-16,-0.7485107481711011,0.6631226582407952,23,298,0,0,0
646,6.431331081933479,1,0,0,0,1,0,0,1,0,1,0,0,1,0,0,1,0,0,1,0,0,2.005704992338858,-1.0,-1.8369701987210297e-16,0.992708874098054,-0.12053668025532288,11,225,0,0,0
647,8.912069097970134,1,0,0,0,0,0,1,1,0,1,0,0,1,0,0,1,0,0,1,0,0,2.2937531154456154,0.8660254037844387,-0.4999999999999998,0.992708874098054,-0.12053668025532288,28,225,0,0,1
648,7.664346632098617,0,0,0,1,1,0,0,1,0,1,0,0,1,0,0,1,0,0,1,0,0,2.1592165172200097,-2.4492935982947064e-16,1.0,0.992708874098054,-0.12053668025532288,80,225,1,0,0
649,9.586788531013854,1,0,0,0,1,0,0,1,0,1,0,0,1,0,0,1,0,0,1,0,0,2.359606858760491,-0.5000000000000004,0.8660254037844384,0.992708874098054,-0.12053668025532288,153,225,0,0,1
650,7.259116128097101,1,0,0,0,1,0,0,0,1,1,0,0,1,0,0,1,0,0,1,0,0,2.111317575523662,-0.8660254037844386,0.5000000000000001,-0.992708874098054,0.1205366802553232,34,43,1,0,0
651,5.303304908059076,1,0,0,0,1,0,0,1,0,1,0,0,1,0,0,1,0,0,1,0,0,1.8410740844298052,-1.0,-1.8369701987210297e-16,0.992708874098054,-0.12053668025532288,23,225,0,0,0
652,9.922848906014748,1,0,0,0,1,0,0,1,0,1,0,0,1,0,0,1,0,0,1,0,0,2.3908568251203755,-1.0,-1.8369701987210297e-16,0.992708874098054,-0.12053668025532288,23,225,0,0,1
653,8.925454386826402,0,0,0,1,0,0,1,0,1,0,1,0,0,1,0,0,1,0,0,1,0,2.2951026075732885,-0.4999999999999997,-0.8660254037844388,-0.7485107481711011,0.6631226582407952,13,298,0,0,1
654,8.843759381917984,0,0,1,0,1,0,0,1,0,1,0,0,1,0,0,1,0,0,1,0,0,2.286837689109184,-1.0,-1.8369701987210297e-16,0.992708874098054,-0.12053668025532288,107,225,0,0,1
655,6.8679744089702925,0,0,0,1,0,0,1,0,1,0,1,0,0,1,0,0,1,0,0,1,0,2.062800647975805,-0.5000000000000004,0.8660254037844384,0.5680647467311558,0.8229838658936564,33,130,1,0,0
656,6.018593214496234,0,0,0,1,1,0,0,0,1,1,0,0,1,0,0,1,0,0,1,0,0,1.9485628011601908,0.8660254037844387,-0.4999999999999998,1.0,-1.6081226496766366e-16,76,278,0,0,0
657,4.394449154672439,0,0,1,0,0,0,1,0,1,1,0,0,1,0,0,1,0,0,1,0,0,1.6853704905634923,0.49999999999999994,0.8660254037844387,0.9350162426854148,0.35460488704253557,115,73,0,0,0
658,6.255750041753367,0,0,0,1,0,0,1,0,1,1,0,0,1,0,0,1,0,0,1,0,0,1.9817942637290324,-1.0,-1.8369701987210297e-16,-0.970941817426052,-0.23931566428755774,23,306,0,0,0
659,7.372118028337787,0,0,0,1,1,0,0,1,0,1,0,0,1,0,0,1,0,0,1,0,0,2.124906902470258,1.0,6.123233995736766e-17,0.992708874098054,-0.12053668025532288,41,225,1,0,0
660,7.090909822079984,1,0,0,0,1,0,0,0,1,1,0,0,1,0,0,1,0,0,1,0,0,2.0907411873032014,-0.5000000000000004,0.8660254037844384,-0.992708874098054,0.1205366802553232,105,43,1,0,0
661,7.669028288589683,0,0,0,1,0,0,1,1,0,1,0,0,1,0,0,1,0,0,1,0,0,2.1597567070706685,-0.4999999999999997,-0.8660254037844388,0.992708874098054,-0.12053668025532288,25,225,1,0,0
662,6.976348070447749,0,0,0,1,1,0,0,1,0,1,0,0,1,0,0,1,0,0,1,0,0,2.076480671432496,-1.0,-1.8369701987210297e-16,0.992708874098054,-0.12053668025532288,23,225,1,0,0
663,8.969669103793757,1,0,0,0,0,0,1,1,0,1,0,0,1,0,0,1,0,0,1,0,0,2.299547394234785,0.49999999999999994,-0.8660254037844387,0.992708874098054,-0.12053668025532288,123,225,0,0,1
664,7.427144133408616,0,0,0,1,0,0,1,1,0,1,0,0,1,0,0,1,0,0,1,0,0,2.131457940406689,-0.8660254037844386,0.5000000000000001,0.992708874098054,-0.12053668025532288,118,225,1,0,0
665,4.51085950651685,1,0,0,0,1,0,0,0,1,1,0,0,1,0,0,1,0,0,1,0,0,1.7067206012930416,-2.4492935982947064e-16,1.0,0.992708874098054,-0.12053668025532288,32,225,0,0,0
666,7.901377353792616,0,0,1,0,0,0,1,0,1,0,0,1,0,0,1,0,0,1,0,0,1,2.186206023617281,-1.0,-1.8369701987210297e-16,0.8854560256532099,0.4647231720437686,23,230,0,1,0
667,7.962415680121064,0,0,0,1,0,0,1,1,0,1,0,0,1,0,0,1,0,0,1,0,0,2.1930397978057297,-1.0,-1.8369701987210297e-16,0.992708874098054,-0.12053668025532288,35,225,0,1,0
668,7.147559271189454,0,0,1,0,1,0,0,1,0,1,0,0,1,0,0,1,0,0,1,0,0,2.0977184064732266,-1.0,-1.8369701987210297e-16,0.992708874098054,-0.12053668025532288,59,225,1,0,0
669,9.74572201363806,0,0,0,1,1,0,0,0,1,1,0,0,1,0,0,1,0,0,1,0,0,2.374507723149958,-0.4999999999999997,-0.8660254037844388,-0.5680647467311556,-0.8229838658936566,37,104,0,0,1
670,7.630946580890459,1,0,0,0,1,0,0,0,1,0,1,0,0,1,0,0,1,0,0,1,0,2.155354184003961,-1.0,-1.8369701987210297e-16,-0.7485107481711011,0.6631226582407952,23,298,1,0,0
671,7.635786861395585,1,0,0,0,0,0,1,0,1,1,0,0,1,0,0,1,0,0,1,0,0,2.1559148321020034,0.8660254037844386,0.5000000000000001,-1.0,-1.8369701987210297e-16,90,252,1,0,0
672,5.484796933490655,0,0,1,0,1,0,0,1,0,1,0,0,1,0,0,1,0,0,1,0,0,1.8694605040153234,-1.0,-1.8369701987210297e-16,0.992708874098054,-0.12053668025532288,155,225,0,0,0
673,9.627140989748092,0,0,0,1,0,0,1,0,1,0,1,0,0,1,0,0,1,0,0,1,0,2.363411199428559,-1.0,-1.8369701987210297e-16,0.5680647467311558,0.8229838658936564,23,130,0,0,1
674,7.878912912297133,1,0,0,0,1,0,0,0,1,0,1,0,0,1,0,0,1,0,0,1,0,2.183679129723806,-2.4492935982947064e-16,1.0,-0.5680647467311556,-0.8229838658936566,116,104,0,1,0
675,7.650168700845001,1,0,0,0,1,0,0,0,1,1,0,0,1,0,0,1,0,0,1,0,0,2.1575788237414684,-0.8660254037844385,-0.5000000000000004,0.992708874098054,-0.12053668025532288,24,225,1,0,0
676,7.252053951852814,0,1,0,0,0,1,0,1,0,1,0,0,1,0,0,1,0,0,1,0,0,2.1104621332211777,-1.0,-1.8369701987210297e-16,0.992708874098054,-0.12053668025532288,83,225,1,0,0
677,7.462214939768189,0,0,0,1,1,0,0,0,1,0,1,0,0,1,0,0,1,0,0,1,0,2.135610952562404,1.2246467991473532e-16,-1.0,-0.7485107481711011,0.6631226582407952,14,298,1,0,0
678,8.086717920303906,0,0,1,0,1,0,0,0,1,1,0,0,1,0,0,1,0,0,1,0,0,2.206813778116714,-1.0,-1.8369701987210297e-16,-0.992708874098054,0.1205366802553232,23,199,0,1,0
679,8.328692583545568,1,0,0,0,1,0,0,1,0,1,0,0,1,0,0,1,0,0,1,0,0,2.233094874659105,-1.0,-1.8369701987210297e-16,0.992708874098054,-0.12053668025532288,35,225,0,1,0
680,5.14166355650266,0,0,1,0,1,0,0,0,1,0,0,1,0,0,1,0,0,1,0,0,1,1.8150956430032537,-1.0,-1.8369701987210297e-16,-0.8854560256532096,-0.4647231720437691,23,152,0,0,0
681,6.431331081933479,1,0,0,0,0,0,1,0,1,0,0,1,0,0,1,0,0,1,0,0,1,2.005704992338858,-1.0,-1.8369701987210297e-16,0.12053668025532305,0.992708874098054,23,82,0,0,0
682,5.017279836814924,0,1,0,0,1,0,0,1,0,1,0,0,1,0,0,1,0,0,1,0,0,1.7946353028541102,-1.0,-1.8369701987210297e-16,0.992708874098054,-0.12053668025532288,107,225,0,0,0
683,7.955425088912672,1,0,0,0,1,0,0,1,0,1,0,0,1,0,0,1,0,0,1,0,0,2.1922595038346877,-0.4999999999999997,-0.8660254037844388,0.992708874098054,-0.12053668025532288,13,225,0,1,0
684,6.523562306149512,0,0,0,1,0,0,1,0,1,1,0,0,1,0,0,1,0,0,1,0,0,2.0180397367202874,-1.0,-1.8369701987210297e-16,0.46472317204376906,-0.8854560256532096,23,165,0,0,0
685,6.478509642208569,1,0,0,0,1,0,0,0,1,1,0,0,1,0,0,1,0,0,1,0,0,2.012033526440284,-0.5000000000000004,0.8660254037844384,-0.970941817426052,-0.23931566428755774,21,306,0,0,0
686,9.906034306802704,1,0,0,0,1,0,0,1,0,1,0,0,1,0,0,1,0,0,1,0,0,2.3893162421804464,0.8660254037844387,-0.4999999999999998,0.992708874098054,-0.12053668025532288,160,225,0,0,1
687,7.926963544862978,0,0,0,1,0,0,1,1,0,1,0,0,1,0,0,1,0,0,1,0,0,2.18907630849481,-1.0,-1.8369701987210297e-16,0.992708874098054,-0.12053668025532288,23,225,0,1,0
688,9.83953552604361,1,0,0,0,1,0,0,0,1,1,0,0,1,0,0,1,0,0,1,0,0,2.3832001469425332,-0.8660254037844385,-0.5000000000000004,0.992708874098054,-0.12053668025532288,0,225,0,0,1
689,9.618535084655214,0,0,0,1,1,0,0,1,0,1,0,0,1,0,0,1,0,0,1,0,0,2.3626010670012905,-0.8660254037844386,0.5000000000000001,0.992708874098054,-0.12053668025532288,130,225,0,0,1
690,4.61512051684126,1,0,0,0,1,0,0,1,0,1,0,0,1,0,0,1,0,0,1,0,0,1.7254630513334037,-1.0,-1.8369701987210297e-16,0.992708874098054,-0.12053668025532288,23,225,0,0,0
691,8.016647877057803,0,0,0,1,0,0,1,0,1,1,0,0,1,0,0,1,0,0,1,0,0,2.19907263274692,-1.0,-1.8369701987210297e-16,-0.970941817426052,-0.23931566428755774,23,306,0,1,0
692,3.713572066704308,1,0,0,0,1,0,0,1,0,1,0,0,1,0,0,1,0,0,1,0,0,1.5504460211620947,-0.8660254037844385,-0.5000000000000004,0.992708874098054,-0.12053668025532288,168,225,0,0,0
693,6.111467339502679,0,0,0,1,1,0,0,0,1,1,0,0,1,0,0,1,0,0,1,0,0,1.9617085993863232,-1.0,-1.8369701987210297e-16,-0.992708874098054,0.1205366802553232,23,199,0,0,0
694,6.133398042996649,1,0,0,0,0,0,1,0,1,1,0,0,1,0,0,1,0,0,1,0,0,1.964787704766679,-0.5000000000000004,0.8660254037844384,-0.992708874098054,0.1205366802553232,33,43,0,0,0
695,6.311734809152915,1,0,0,0,1,0,0,0,1,1,0,0,1,0,0,1,0,0,1,0,0,1.9894805655993109,-0.4999999999999997,-0.8660254037844388,0.12053668025532305,0.992708874098054,49,186,0,0,0
696,6.066108090103747,1,0,0,0,0,0,1,1,0,1,0,0,1,0,0,1,0,0,1,0,0,1.9553098460324838,-1.0,-1.8369701987210297e-16,0.992708874098054,-0.12053668025532288,23,225,0,0,0
697,8.237743803890933,0,0,0,1,1,0,0,0,1,1,0,0,1,0,0,1,0,0,1,0,0,2.223297678769438,-1.0,-1.8369701987210297e-16,-0.992708874098054,0.1205366802553232,23,199,0,1,0
698,7.490529402060711,1,0,0,0,1,0,0,1,0,1,0,0,1,0,0,1,0,0,1,0,0,2.1389513543345293,0.49999999999999994,-0.8660254037844387,0.992708874098054,-0.12053668025532288,51,225,1,0,0
699,5.198497031265826,1,0,0,0,1,0,0,0,1,1,0,0,1,0,0,1,0,0,1,0,0,1.8243068483519838,-1.0,-1.8369701987210297e-16,0.5680647467311558,0.8229838658936564,23,130,0,0,0
700,6.7226297948554485,1,0,0,0,0,0,1,0,1,1,0,0,1,0,0,1,0,0,1,0,0,2.044154953031669,-1.0,-1.8369701987210297e-16,-0.12053668025532283,-0.992708874098054,23,108,1,0,0
701,7.280008252884188,0,0,0,1,1,0,0,0,1,1,0,0,1,0,0,1,0,0,1,0,0,2.113843965121815,1.0,6.123233995736766e-17,0.992708874098054,-0.12053668025532288,41,225,1,0,0
702,9.053803514155955,1,0,0,0,1,0,0,0,1,0,1,0,0,1,0,0,1,0,0,1,0,2.3079510220274915,-1.0,-1.8369701987210297e-16,-0.7485107481711011,0.6631226582407952,167,298,0,0,1
703,4.394449154672439,1,0,0,0,1,0,0,1,0,1,0,0,1,0,0,1,0,0,1,0,0,1.6853704905634923,1.2246467991473532e-16,-1.0,0.992708874098054,-0.12053668025532288,122,225,0,0,0
704,7.555381944240273,0,0,0,1,0,0,1,1,0,1,0,0,1,0,0,1,0,0,1,0,0,2.1465605520799182,0.8660254037844387,-0.4999999999999998,0.992708874098054,-0.12053668025532288,76,225,1,0,0
705,8.328692583545568,1,0,0,0,1,0,0,0,1,0,1,0,0,1,0,0,1,0,0,1,0,2.233094874659105,-1.0,-1.8369701987210297e-16,0.8229838658936565,-0.5680647467311557,35,221,0,1,0
706,8.965845494750937,0,0,0,1,1,0,0,0,1,0,0,1,0,0,1,0,0,1,0,0,1,2.299163796503128,-1.0,-1.8369701987210297e-16,0.9350162426854148,0.35460488704253557,11,73,0,0,1
707,7.972810784121404,1,0,0,0,0,0,1,1,0,1,0,0,1,0,0,1,0,0,1,0,0,2.194198980845326,-0.4999999999999997,-0.8660254037844388,0.992708874098054,-0.12053668025532288,301,225,0,1,0
708,9.347577390281268,0,0,1,0,0,0,1,0,1,1,0,0,1,0,0,1,0,0,1,0,0,2.336752423741196,-0.8660254037844386,0.5000000000000001,0.8229838658936565,-0.5680647467311557,70,65,0,0,1
709,6.2166061010848646,1,0,0,0,1,0,0,1,0,1,0,0,1,0,0,1,0,0,1,0,0,1.9763847732858002,-2.4492935982947064e-16,1.0,0.992708874098054,-0.12053668025532288,56,225,0,0,0
710,7.313886831633462,0,0,0,1,1,0,0,0,1,1,0,0,1,0,0,1,0,0,1,0,0,2.1179272289544824,-1.0,-1.8369701987210297e-16,0.992708874098054,-0.12053668025532288,83,225,1,0,0
711,9.747476810531971,0,0,0,1,1,0,0,0,1,1,0,0,1,0,0,1,0,0,1,0,0,2.3746710117243732,1.0,6.123233995736766e-17,0.5680647467311558,0.8229838658936564,101,286,0,0,1
712,8.491054533806542,1,0,0,0,1,0,0,0,1,1,0,0,1,0,0,1,0,0,1,0,0,2.250349726975968,-1.0,-1.8369701987210297e-16,-0.7485107481711011,0.6631226582407952,95,298,0,1,0
713,5.3981627015177525,1,0,0,0,0,0,1,0,1,1,0,0,1,0,0,1,0,0,1,0,0,1.85601087126303,-1.0,-1.8369701987210297e-16,0.9350162426854148,0.35460488704253557,23,73,0,0,0
714,9.398561160701128,0,0,0,1,0,0,1,0,1,1,0,0,1,0,0,1,0,0,1,0,0,2.3416674466435086,-0.8660254037844386,0.5000000000000001,0.9350162426854148,0.35460488704253557,118,125,0,0,1
715,9.603125426926972,1,0,0,0,1,0,0,1,0,1,0,0,1,0,0,1,0,0,1,0,0,2.361148809254716,1.2246467991473532e-16,-1.0,0.992708874098054,-0.12053668025532288,14,225,0,0,1
716,8.071218539969863,0,0,0,1,1,0,0,0,1,1,0,0,1,0,0,1,0,0,1,0,0,2.2051066035011075,0.49999999999999994,0.8660254037844387,0.46472317204376906,-0.8854560256532096,91,217,0,1,0
717,5.739792912179234,0,0,0,1,0,0,1,0,1,1,0,0,1,0,0,1,0,0,1,0,0,1.9080291992562277,-1.0,-1.8369701987210297e-16,-0.992708874098054,0.1205366802553232,23,199,0,0,0
718,7.00397413672268,1,0,0,0,1,0,0,1,0,1,0,0,1,0,0,1,0,0,1,0,0,2.079938185422248,1.2246467991473532e-16,-1.0,0.992708874098054,-0.12053668025532288,2,225,1,0,0
719,9.010791269515602,0,0,1,0,0,0,1,0,1,0,1,0,0,1,0,0,1,0,0,1,0,2.303663638106665,-1.0,-1.8369701987210297e-16,-0.7485107481711011,0.6631226582407952,23,298,0,0,1
720,9.636979715315752,1,0,0,0,0,0,1,0,1,0,1,0,0,1,0,0,1,0,0,1,0,2.364336582274737,1.0,6.123233995736766e-17,0.992708874098054,-0.12053668025532288,53,121,0,0,1
721,8.186185994226083,1,0,0,0,0,0,1,0,1,0,0,1,0,0,1,0,0,1,0,0,1,2.2177008332738546,-1.0,-1.8369701987210297e-16,0.46472317204376906,-0.8854560256532096,35,165,0,1,0
722,3.9318256327243257,1,0,0,0,1,0,0,1,0,1,0,0,1,0,0,1,0,0,1,0,0,1.5957092304038698,-1.0,-1.8369701987210297e-16,0.992708874098054,-0.12053668025532288,23,225,0,0,0
723,8.639587799629844,0,0,0,1,0,0,1,0,1,0,1,0,0,1,0,0,1,0,0,1,0,2.265878348333749,-1.0,-1.8369701987210297e-16,0.5680647467311558,0.8229838658936564,83,130,0,1,0
724,8.682877107057168,0,0,0,1,0,0,1,1,0,1,0,0,1,0,0,1,0,0,1,0,0,2.2703590789302623,-1.0,-1.8369701987210297e-16,0.992708874098054,-0.12053668025532288,23,225,0,1,0
725,9.77229627684378,0,0,0,1,0,0,1,1,0,1,0,0,1,0,0,1,0,0,1,0,0,2.376977678919776,1.2246467991473532e-16,-1.0,0.992708874098054,-0.12053668025532288,38,225,0,0,1
726,10.610069086697326,1,0,0,0,0,0,1,1,0,1,0,0,1,0,0,1,0,0,1,0,0,2.45187274631202,0.8660254037844386,0.5000000000000001,0.992708874098054,-0.12053668025532288,162,225,0,0,1
727,7.62608275807238,1,0,0,0,1,0,0,1,0,1,0,0,1,0,0,1,0,0,1,0,0,2.154790492206105,1.0,6.123233995736766e-17,0.992708874098054,-0.12053668025532288,101,225,1,0,0
728,9.546169544733283,0,0,0,1,1,0,0,0,1,1,0,0,1,0,0,1,0,0,1,0,0,2.355762717665308,-1.0,-1.8369701987210297e-16,0.992708874098054,-0.12053668025532288,23,225,0,0,1
729,9.10286651367095,0,0,1,0,0,0,1,1,0,1,0,0,1,0,0,1,0,0,1,0,0,2.312819196814604,1.2246467991473532e-16,-1.0,0.992708874098054,-0.12053668025532288,50,225,0,0,1
730,7.0825485693553,0,0,1,0,1,0,0,1,0,1,0,0,1,0,0,1,0,0,1,0,0,2.0897072397989382,-1.0,-1.8369701987210297e-16,0.992708874098054,-0.12053668025532288,23,225,1,0,0
731,9.633710883953182,1,0,0,0,1,0,0,0,1,1,0,0,1,0,0,1,0,0,1,0,0,2.36402922682024,-1.0,-1.8369701987210297e-16,0.9350162426854148,0.35460488704253557,23,73,0,0,1
732,10.471099854390229,1,0,0,0,0,0,1,1,0,1,0,0,1,0,0,1,0,0,1,0,0,2.4398308162032905,-1.0,-1.8369701987210297e-16,0.992708874098054,-0.12053668025532288,23,225,0,0,1
733,6.7580945044277305,0,1,0,0,0,1,0,1,0,1,0,0,1,0,0,1,0,0,1,0,0,2.0487367504887897,-0.8660254037844386,0.5000000000000001,0.992708874098054,-0.12053668025532288,190,225,1,0,0
734,5.3981627015177525,1,0,0,0,1,0,0,0,1,0,0,1,0,0,1,0,0,1,0,0,1,1.85601087126303,-1.0,-1.8369701987210297e-16,-0.9350162426854147,-0.3546048870425359,23,99,0,0,0
735,7.560601162768557,0,0,0,1,0,0,1,1,0,1,0,0,1,0,0,1,0,0,1,0,0,2.1471704169830814,0.8660254037844387,-0.4999999999999998,0.992708874098054,-0.12053668025532288,124,225,1,0,0
736,7.409136443920128,0,0,1,0,0,0,1,0,1,1,0,0,1,0,0,1,0,0,1,0,0,2.129318786658012,-1.0,-1.8369701987210297e-16,0.992708874098054,-0.12053668025532288,23,225,1,0,0
737,4.61512051684126,1,0,0,0,1,0,0,0,1,1,0,0,1,0,0,1,0,0,1,0,0,1.7254630513334037,0.49999999999999994,-0.8660254037844387,-0.5680647467311556,-0.8229838658936566,99,104,0,0,0
738,8.696343057044556,0,0,0,1,0,0,1,1,0,1,0,0,1,0,0,1,0,0,1,0,0,2.2717488099969048,-0.8660254037844386,0.5000000000000001,0.992708874098054,-0.12053668025532288,118,225,0,1,0
739,7.926963544862978,0,0,0,1,0,0,1,0,1,1,0,0,1,0,0,1,0,0,1,0,0,2.18907630849481,1.2246467991473532e-16,-1.0,0.46472317204376906,-0.8854560256532096,86,217,0,1,0
740,8.764209507142004,0,0,0,1,1,0,0,1,0,1,0,0,1,0,0,1,0,0,1,0,0,2.2787236094023164,1.0,6.123233995736766e-17,0.992708874098054,-0.12053668025532288,17,225,0,1,0
741,9.38437770918244,0,0,0,1,0,0,1,1,0,1,0,0,1,0,0,1,0,0,1,0,0,2.340302533451062,-1.0,-1.8369701987210297e-16,0.992708874098054,-0.12053668025532288,23,225,0,0,1
742,8.385032287813898,0,0,0,1,0,0,1,1,0,1,0,0,1,0,0,1,0,0,1,0,0,2.2391161103963153,-1.0,-1.8369701987210297e-16,0.992708874098054,-0.12053668025532288,23,225,0,1,0
743,8.811503250158239,1,0,0,0,1,0,0,0,1,1,0,0,1,0,0,1,0,0,1,0,0,2.2835554983472615,-0.5000000000000004,0.8660254037844384,0.992708874098054,-0.12053668025532288,141,173,0,1,0
744,7.223295679562314,1,0,0,0,1,0,0,0,1,1,0,0,1,0,0,1,0,0,1,0,0,2.1069710629687504,-2.4492935982947064e-16,1.0,-0.992708874098054,0.1205366802553232,44,43,1,0,0
745,9.77854771798028,1,0,0,0,1,0,0,0,1,1,0,0,1,0,0,1,0,0,1,0,0,2.3775578363663565,-0.5000000000000004,0.8660254037844384,-0.970941817426052,-0.23931566428755774,21,306,0,0,1
746,8.373553741214627,0,0,0,1,0,0,1,0,1,0,0,1,0,0,1,0,0,1,0,0,1,2.237892292352231,0.8660254037844386,0.5000000000000001,-0.8854560256532096,-0.4647231720437691,54,204,0,1,0
747,10.730750330040015,0,0,1,0,0,0,1,1,0,1,0,0,1,0,0,1,0,0,1,0,0,2.4622136273749278,-0.8660254037844385,-0.5000000000000004,0.992708874098054,-0.12053668025532288,84,225,0,0,1
748,7.7752758464868625,0,0,0,1,1,0,0,0,1,1,0,0,1,0,0,1,0,0,1,0,0,2.171938204354923,1.0,6.123233995736766e-17,0.992708874098054,-0.12053668025532288,65,225,0,1,0
749,8.134760782418645,1,0,0,0,1,0,0,0,1,1,0,0,1,0,0,1,0,0,1,0,0,2.212087002559735,-0.8660254037844385,-0.5000000000000004,0.992708874098054,-0.12053668025532288,48,17,0,1,0
750,9.06773940337716,0,0,0,1,1,0,0,0,1,1,0,0,1,0,0,1,0,0,1,0,0,2.3093361932846412,0.8660254037844386,0.5000000000000001,0.992708874098054,-0.12053668025532288,162,225,0,0,1
751,6.478509642208569,1,0,0,0,1,0,0,1,0,1,0,0,1,0,0,1,0,0,1,0,0,2.012033526440284,-0.8660254037844386,0.5000000000000001,0.992708874098054,-0.12053668025532288,106,225,0,0,0
752,6.878326468291325,1,0,0,0,1,0,0,0,1,0,1,0,0,1,0,0,1,0,0,1,0,2.0641155041941834,1.0,6.123233995736766e-17,-0.5680647467311556,-0.8229838658936566,29,104,1,0,0
753,6.293419278846481,0,0,0,1,0,0,1,0,1,0,0,1,0,0,1,0,0,1,0,0,1,1.9869724729359572,-0.5000000000000004,0.8660254037844384,-0.8854560256532096,-0.4647231720437691,33,256,0,0,0
754,5.942799375126701,0,0,1,0,0,0,1,0,1,0,0,1,0,0,1,0,0,1,0,0,1,1.9377050613615177,0.49999999999999994,-0.8660254037844387,0.9350162426854148,0.35460488704253557,87,73,0,0,0
755,9.482731125859004,0,0,0,1,0,0,1,1,0,1,0,0,1,0,0,1,0,0,1,0,0,2.3497292485541736,-2.4492935982947064e-16,1.0,0.992708874098054,-0.12053668025532288,140,225,0,0,1
756,3.9318256327243257,1,0,0,0,0,0,1,0,1,1,0,0,1,0,0,1,0,0,1,0,0,1.5957092304038698,-1.0,-1.8369701987210297e-16,-0.992708874098054,0.1205366802553232,23,199,0,0,0
757,8.146419323098003,1,0,0,0,0,0,1,1,0,1,0,0,1,0,0,1,0,0,1,0,0,2.2133624718885856,-1.0,-1.8369701987210297e-16,0.992708874098054,-0.12053668025532288,23,225,0,1,0
758,9.892477160016076,1,0,0,0,0,0,1,1,0,1,0,0,1,0,0,1,0,0,1,0,0,2.388072382153103,1.2246467991473532e-16,-1.0,0.992708874098054,-0.12053668025532288,86,225,0,0,1
759,4.709530201312334,1,0,0,0,1,0,0,0,1,0,1,0,0,1,0,0,1,0,0,1,0,1.742136743805324,-0.5000000000000004,0.8660254037844384,-0.5680647467311556,-0.8229838658936566,33,104,0,0,0
760,6.329720905522696,1,0,0,0,1,0,0,1,0,1,0,0,1,0,0,1,0,0,1,0,0,1.9919374395287388,0.49999999999999994,0.8660254037844387,0.992708874098054,-0.12053668025532288,55,225,0,0,0
761,7.779466967458324,1,0,0,0,1,0,0,1,0,1,0,0,1,0,0,1,0,0,1,0,0,2.1724156959474246,-1.0,-1.8369701987210297e-16,0.992708874098054,-0.12053668025532288,35,225,0,1,0
762,7.155396301896734,0,0,0,1,0,0,1,0,1,0,0,1,0,0,1,0,0,1,0,0,1,2.098679831078209,-1.0,-1.8369701987210297e-16,0.9350162426854148,0.35460488704253557,23,125,1,0,0
763,10.380994213509265,0,0,0,1,0,0,1,1,0,1,0,0,1,0,0,1,0,0,1,0,0,2.4319447898653266,1.0,6.123233995736766e-17,0.992708874098054,-0.12053668025532288,65,225,0,0,1
764,10.184560331647974,1,0,0,0,0,0,1,0,1,0,0,1,0,0,1,0,0,1,0,0,1,2.414534285420979,-1.0,-1.8369701987210297e-16,0.9350162426854148,0.35460488704253557,23,73,0,0,1
765,10.143724181276514,1,0,0,0,0,0,1,0,1,1,0,0,1,0,0,1,0,0,1,0,0,2.4108764857473486,0.49999999999999994,-0.8660254037844387,-0.970941817426052,-0.23931566428755774,195,306,0,0,1
766,9.192278229157774,0,0,0,1,0,0,1,1,0,1,0,0,1,0,0,1,0,0,1,0,0,2.321630397236419,-1.0,-1.8369701987210297e-16,0.992708874098054,-0.12053668025532288,23,225,0,0,1
767,9.478916074688229,1,0,0,0,0,0,1,1,0,1,0,0,1,0,0,1,0,0,1,0,0,2.3493652455560885,-1.0,-1.8369701987210297e-16,0.992708874098054,-0.12053668025532288,23,225,0,0,1
768,7.875119281040293,1,0,0,0,0,0,1,1,0,1,0,0,1,0,0,1,0,0,1,0,0,2.1832517753883782,-1.0,-1.8369701987210297e-16,0.992708874098054,-0.12053668025532288,35,225,0,1,0
769,6.734591659972948,0,1,0,0,0,1,0,0,1,1,0,0,1,0,0,1,0,0,1,0,0,2.045702691419236,-1.0,-1.8369701987210297e-16,-0.4647231720437684,0.88545602565321,23,139,1,0,0
770,4.61512051684126,1,0,0,0,0,0,1,1,0,1,0,0,1,0,0,1,0,0,1,0,0,1.7254630513334037,0.8660254037844387,-0.4999999999999998,0.992708874098054,-0.12053668025532288,4,225,0,0,0
771,9.935034668034255,1,0,0,0,1,0,0,1,0,1,0,0,1,0,0,1,0,0,1,0,0,2.3919718244972086,-1.0,-1.8369701987210297e-16,0.992708874098054,-0.12053668025532288,95,225,0,0,1
772,7.523481312573497,0,0,0,1,0,0,1,1,0,1,0,0,1,0,0,1,0,0,1,0,0,2.142824862147179,-1.0,-1.8369701987210297e-16,0.992708874098054,-0.12053668025532288,23,225,1,0,0
773,5.303304908059076,1,0,0,0,1,0,0,1,0,1,0,0,1,0,0,1,0,0,1,0,0,1.8410740844298052,-1.0,-1.8369701987210297e-16,0.992708874098054,-0.12053668025532288,23,225,0,0,0
774,6.46302945692067,1,0,0,0,0,0,1,1,0,1,0,0,1,0,0,1,0,0,1,0,0,2.0099614252030538,-1.0,-1.8369701987210297e-16,0.992708874098054,-0.12053668025532288,23,225,0,0,0
775,8.849513965486398,0,0,0,1,0,0,1,0,1,1,0,0,1,0,0,1,0,0,1,0,0,2.28742211036112,-2.4492935982947064e-16,1.0,0.46472317204376906,-0.8854560256532096,116,217,0,0,1
776,6.55250788703459,0,0,1,0,1,0,0,0,1,1,0,0,1,0,0,1,0,0,1,0,0,2.0218796785726947,0.8660254037844387,-0.4999999999999998,0.992708874098054,-0.12053668025532288,76,225,0,0,0
777,9.018089684104345,0,0,0,1,0,0,1,0,1,0,0,1,0,0,1,0,0,1,0,0,1,2.3043924271916545,-0.8660254037844386,0.5000000000000001,0.9350162426854148,0.35460488704253557,130,125,0,0,1
778,5.831882477283517,1,0,0,0,1,0,0,0,1,1,0,0,1,0,0,1,0,0,1,0,0,1.9216002545355522,1.2246467991473532e-16,-1.0,-0.992708874098054,0.1205366802553232,146,43,0,0,0
779,9.740439071085758,1,0,0,0,1,0,0,1,0,1,0,0,1,0,0,1,0,0,1,0,0,2.374015970096639,0.8660254037844387,-0.4999999999999998,0.992708874098054,-0.12053668025532288,136,225,0,0,1
780,9.807031716718498,1,0,0,0,1,0,0,1,0,1,0,0,1,0,0,1,0,0,1,0,0,2.3801970071477108,-1.0,-1.8369701987210297e-16,0.992708874098054,-0.12053668025532288,23,225,0,0,1
781,6.447305862541213,1,0,0,0,1,0,0,1,0,1,0,0,1,0,0,1,0,0,1,0,0,2.0078523377987656,0.8660254037844387,-0.4999999999999998,0.992708874098054,-0.12053668025532288,100,225,0,0,0
782,8.592486175451668,0,0,1,0,0,0,1,0,1,1,0,0,1,0,0,1,0,0,1,0,0,2.26098010195489,-0.8660254037844385,-0.5000000000000004,0.12053668025532305,0.992708874098054,144,186,0,1,0
783,9.648014489106362,0,0,0,1,0,0,1,1,0,1,0,0,1,0,0,1,0,0,1,0,0,2.3653734418268924,-1.0,-1.8369701987210297e-16,0.992708874098054,-0.12053668025532288,23,225,0,0,1
784,6.329720905522696,1,0,0,0,1,0,0,0,1,1,0,0,1,0,0,1,0,0,1,0,0,1.9919374395287388,-0.8660254037844386,0.5000000000000001,0.9350162426854148,0.35460488704253557,10,73,0,0,0
785,6.878326468291325,0,0,0,1,0,0,1,0,1,0,1,0,0,1,0,0,1,0,0,1,0,2.0641155041941834,-0.4999999999999997,-0.8660254037844388,-0.5680647467311556,-0.8229838658936566,121,104,1,0,0
786,5.673323267171493,1,0,0,0,1,0,0,0,1,0,1,0,0,1,0,0,1,0,0,1,0,1.898117976801967,-0.5000000000000004,0.8660254037844384,0.5680647467311558,0.8229838658936564,105,130,0,0,0
787,8.074337694089515,0,0,1,0,0,0,1,1,0,1,0,0,1,0,0,1,0,0,1,0,0,2.2054503961200984,1.2246467991473532e-16,-1.0,0.992708874098054,-0.12053668025532288,74,225,0,1,0
788,7.333676395657684,1,0,0,0,0,0,1,1,0,1,0,0,1,0,0,1,0,0,1,0,0,2.1203047028316555,1.0,6.123233995736766e-17,0.992708874098054,-0.12053668025532288,29,225,1,0,0
789,9.187174093944344,1,0,0,0,0,0,1,1,0,1,0,0,1,0,0,1,0,0,1,0,0,2.321129487276796,-0.4999999999999997,-0.8660254037844388,0.992708874098054,-0.12053668025532288,145,225,0,0,1
790,9.112837790614943,0,0,0,1,0,0,1,1,0,1,0,0,1,0,0,1,0,0,1,0,0,2.3138056851013875,-2.4492935982947064e-16,1.0,0.992708874098054,-0.12053668025532288,140,225,0,0,1
791,8.691314551644853,1,0,0,0,1,0,0,1,0,1,0,0,1,0,0,1,0,0,1,0,0,2.2712300773460656,0.8660254037844387,-0.4999999999999998,0.992708874098054,-0.12053668025532288,100,225,0,1,0
792,9.757362911053992,0,0,0,1,1,0,0,0,1,0,1,0,0,1,0,0,1,0,0,1,0,2.375590442080186,-0.8660254037844386,0.5000000000000001,0.8229838658936565,-0.5680647467311557,70,221,0,0,1
793,7.905072849498666,0,0,0,1,1,0,0,1,0,1,0,0,1,0,0,1,0,0,1,0,0,2.1866210974491698,-0.4999999999999997,-0.8660254037844388,0.992708874098054,-0.12053668025532288,109,225,0,1,0
794,8.535229553902337,0,0,1,0,0,0,1,1,0,1,0,0,1,0,0,1,0,0,1,0,0,2.2549933136343583,-1.0,-1.8369701987210297e-16,0.992708874098054,-0.12053668025532288,107,225,0,1,0
795,6.236369590203704,0,0,0,1,1,0,0,0,1,0,0,1,0,0,1,0,0,1,0,0,1,1.9791196428184719,-1.0,-1.8369701987210297e-16,-0.8854560256532096,-0.4647231720437691,23,256,0,0,0
796,8.879193928110318,1,0,0,0,0,0,1,1,0,1,0,0,1,0,0,1,0,0,1,0,0,2.2904309222077877,-0.5000000000000004,0.8660254037844384,0.992708874098054,-0.12053668025532288,33,225,0,0,1
797,7.645397699428633,1,0,0,0,1,0,0,0,1,1,0,0,1,0,0,1,0,0,1,0,0,2.1570271214812515,-0.8660254037844386,0.5000000000000001,-0.992708874098054,0.1205366802553232,34,43,1,0,0
798,9.165447603085449,1,0,0,0,1,0,0,1,0,1,0,0,1,0,0,1,0,0,1,0,0,2.3189944798624955,0.8660254037844387,-0.4999999999999998,0.992708874098054,-0.12053668025532288,172,225,0,0,1
799,7.901377353792616,1,0,0,0,0,0,1,1,0,1,0,0,1,0,0,1,0,0,1,0,0,2.186206023617281,-1.0,-1.8369701987210297e-16,0.992708874098054,-0.12053668025532288,23,225,0,1,0
800,7.611347717403621,0,0,0,1,1,0,0,1,0,1,0,0,1,0,0,1,0,0,1,0,0,2.153080835505375,-0.4999999999999997,-0.8660254037844388,0.992708874098054,-0.12053668025532288,13,225,1,0,0
801,10.785828455707216,0,0,0,1,1,0,0,1,0,1,0,0,1,0,0,1,0,0,1,0,0,2.4668978313893173,0.8660254037844387,-0.4999999999999998,0.992708874098054,-0.12053668025532288,28,225,0,0,1
802,6.814542897259958,1,0,0,0,0,0,1,0,1,0,1,0,0,1,0,0,1,0,0,1,0,2.055986471729021,-1.0,-1.8369701987210297e-16,0.46472317204376906,-0.8854560256532096,23,217,1,0,0
803,7.473637108496206,0,0,0,1,1,0,0,0,1,0,0,1,0,0,1,0,0,1,0,0,1,2.136959827177902,-1.0,-1.8369701987210297e-16,0.9350162426854148,0.35460488704253557,23,73,1,0,0
804,7.650168700845001,0,0,1,0,0,0,1,0,1,1,0,0,1,0,0,1,0,0,1,0,0,2.1575788237414684,-1.0,-1.8369701987210297e-16,0.12053668025532305,0.992708874098054,23,134,1,0,0
805,10.117428893085538,0,0,0,1,1,0,0,0,1,0,0,1,0,0,1,0,0,1,0,0,1,2.408514047437627,-0.8660254037844386,0.5000000000000001,0.9350162426854148,0.35460488704253557,46,73,0,0,1
806,5.564520407322694,0,0,0,1,1,0,0,0,1,0,1,0,0,1,0,0,1,0,0,1,0,1.881679452127038,-1.0,-1.8369701987210297e-16,-0.822983865893657,0.5680647467311548,23,247,0,0,0
807,8.261268150577648,1,0,0,0,1,0,0,1,0,1,0,0,1,0,0,1,0,0,1,0,0,2.225840988587829,0.8660254037844387,-0.4999999999999998,0.992708874098054,-0.12053668025532288,88,225,0,1,0
808,9.832045255081765,1,0,0,0,1,0,0,0,1,0,1,0,0,1,0,0,1,0,0,1,0,2.3825088940675583,-1.0,-1.8369701987210297e-16,-0.5680647467311556,-0.8229838658936566,23,312,0,0,1
809,9.454932254496262,1,0,0,0,1,0,0,1,0,1,0,0,1,0,0,1,0,0,1,0,0,2.3470738531366253,-0.8660254037844386,0.5000000000000001,0.992708874098054,-0.12053668025532288,178,225,0,0,1
810,9.17378011666438,0,0,0,1,0,0,1,1,0,1,0,0,1,0,0,1,0,0,1,0,0,2.3198138338871326,-0.5000000000000004,0.8660254037844384,0.992708874098054,-0.12053668025532288,21,225,0,0,1
811,6.018593214496234,1,0,0,0,1,0,0,1,0,1,0,0,1,0,0,1,0,0,1,0,0,1.9485628011601908,-1.0,-1.8369701987210297e-16,0.992708874098054,-0.12053668025532288,35,225,0,0,0
812,7.85979918056211,0,0,0,1,1,0,0,1,0,1,0,0,1,0,0,1,0,0,1,0,0,2.1815240985093376,-1.0,-1.8369701987210297e-16,0.992708874098054,-0.12053668025532288,35,225,0,1,0
813,7.353081920515432,1,0,0,0,1,0,0,1,0,1,0,0,1,0,0,1,0,0,1,0,0,2.1226305630422626,-1.0,-1.8369701987210297e-16,0.992708874098054,-0.12053668025532288,143,225,1,0,0
814,10.107692902830086,0,0,0,1,0,0,1,1,0,1,0,0,1,0,0,1,0,0,1,0,0,2.4076379225760736,-0.4999999999999997,-0.8660254037844388,0.992708874098054,-0.12053668025532288,25,225,0,0,1
815,6.3818160174060985,1,0,0,0,1,0,0,0,1,1,0,0,1,0,0,1,0,0,1,0,0,1.9990196811606853,0.49999999999999994,0.8660254037844387,-0.992708874098054,0.1205366802553232,1387,43,0,0,0
816,6.133398042996649,0,0,1,0,0,0,1,1,0,1,0,0,1,0,0,1,0,0,1,0,0,1.964787704766679,-1.0,-1.8369701987210297e-16,0.992708874098054,-0.12053668025532288,23,225,0,0,0
817,4.948759890378168,1,0,0,0,1,0,0,1,0,1,0,0,1,0,0,1,0,0,1,0,0,1.783182776049518,1.0,6.123233995736766e-17,0.992708874098054,-0.12053668025532288,113,225,0,0,0
818,6.19644412779452,0,0,0,1,1,0,0,0,1,0,0,1,0,0,1,0,0,1,0,0,1,1.9735870328878404,-1.0,-1.8369701987210297e-16,-0.8854560256532096,-0.4647231720437691,23,256,0,0,0
819,6.580639137284949,1,0,0,0,0,0,1,1,0,1,0,0,1,0,0,1,0,0,1,0,0,2.025597515002669,-0.8660254037844386,0.5000000000000001,0.992708874098054,-0.12053668025532288,10,225,0,0,0
820,7.409136443920128,1,0,0,0,0,0,1,0,1,1,0,0,1,0,0,1,0,0,1,0,0,2.129318786658012,-1.0,-1.8369701987210297e-16,-0.992708874098054,0.1205366802553232,23,43,1,0,0
821,7.438971592395862,1,0,0,0,1,0,0,1,0,1,0,0,1,0,0,1,0,0,1,0,0,2.1328604519414474,-1.0,-1.8369701987210297e-16,0.992708874098054,-0.12053668025532288,71,225,1,0,0
822,6.018593214496234,1,0,0,0,0,0,1,0,1,0,0,1,0,0,1,0,0,1,0,0,1,1.9485628011601908,-0.5000000000000004,0.8660254037844384,-0.4647231720437684,0.88545602565321,57,243,0,0,0
823,9.693445303141573,1,0,0,0,0,0,1,1,0,1,0,0,1,0,0,1,0,0,1,0,0,2.369630965267426,-0.5000000000000004,0.8660254037844384,0.992708874098054,-0.12053668025532288,57,225,0,0,1
824,9.774005094757891,1,0,0,0,1,0,0,1,0,1,0,0,1,0,0,1,0,0,1,0,0,2.3771362971334753,-1.0,-1.8369701987210297e-16,0.992708874098054,-0.12053668025532288,23,225,0,0,1
825,5.942799375126701,1,0,0,0,1,0,0,0,1,1,0,0,1,0,0,1,0,0,1,0,0,1.9377050613615177,0.49999999999999994,-0.8660254037844387,-0.992708874098054,0.1205366802553232,51,43,0,0,0
826,8.984818995876008,1,0,0,0,0,0,1,1,0,1,0,0,1,0,0,1,0,0,1,0,0,2.3010658390996666,1.2246467991473532e-16,-1.0,0.992708874098054,-0.12053668025532288,122,225,0,0,1
827,5.525452939131784,1,0,0,0,0,0,1,1,0,1,0,0,1,0,0,1,0,0,1,0,0,1.8757103667584751,0.49999999999999994,0.8660254037844387,0.992708874098054,-0.12053668025532288,127,225,0,0,0
828,8.098946748943339,0,0,0,1,0,0,1,1,0,1,0,0,1,0,0,1,0,0,1,0,0,2.2081586649498384,-2.4492935982947064e-16,1.0,0.992708874098054,-0.12053668025532288,8,225,0,1,0
829,4.709530201312334,0,0,1,0,1,0,0,1,0,1,0,0,1,0,0,1,0,0,1,0,0,1.742136743805324,-1.0,-1.8369701987210297e-16,0.992708874098054,-0.12053668025532288,23,225,0,0,0
830,8.751632702472298,1,0,0,0,0,0,1,0,1,1,0,0,1,0,0,1,0,0,1,0,0,2.277434727654279,-1.0,-1.8369701987210297e-16,0.5680647467311558,0.8229838658936564,23,234,0,1,0
831,6.68586094706836,1,0,0,0,1,0,0,1,0,1,0,0,1,0,0,1,0,0,1,0,0,2.0393824002626744,1.2246467991473532e-16,-1.0,0.992708874098054,-0.12053668025532288,98,225,1,0,0
832,8.531293315795018,0,0,0,1,1,0,0,0,1,0,1,0,0,1,0,0,1,0,0,1,0,2.2545804184053604,-1.0,-1.8369701987210297e-16,-0.7485107481711011,0.6631226582407952,23,298,0,1,0
833,8.098946748943339,0,0,0,1,0,0,1,0,1,0,0,1,0,0,1,0,0,1,0,0,1,2.2081586649498384,-2.4492935982947064e-16,1.0,-0.8854560256532096,-0.4647231720437691,188,256,0,1,0
834,8.152198015861787,1,0,0,0,1,0,0,1,0,1,0,0,1,0,0,1,0,0,1,0,0,2.213994070751914,1.0,6.123233995736766e-17,0.992708874098054,-0.12053668025532288,41,225,0,1,0
835,7.969357742016346,1,0,0,0,1,0,0,0,1,0,0,1,0,0,1,0,0,1,0,0,1,2.1938140728401807,-2.4492935982947064e-16,1.0,0.9350162426854148,0.35460488704253557,92,73,0,1,0
836,7.908754738783246,1,0,0,0,1,0,0,1,0,1,0,0,1,0,0,1,0,0,1,0,0,2.1870344717583983,-1.0,-1.8369701987210297e-16,0.992708874098054,-0.12053668025532288,35,225,0,1,0
837,9.588845298501564,1,0,0,0,0,0,1,1,0,1,0,0,1,0,0,1,0,0,1,0,0,2.359801116699662,0.8660254037844387,-0.4999999999999998,0.992708874098054,-0.12053668025532288,4,225,0,0,1
838,8.837971491357209,0,0,0,1,0,0,1,0,1,0,0,1,0,0,1,0,0,1,0,0,1,2.286249540560168,-1.0,-1.8369701987210297e-16,-0.4647231720437684,0.88545602565321,23,191,0,0,1
839,5.484796933490655,0,0,1,0,1,0,0,1,0,1,0,0,1,0,0,1,0,0,1,0,0,1.8694605040153234,0.49999999999999994,0.8660254037844387,0.992708874098054,-0.12053668025532288,7,225,0,0,0
840,6.976348070447749,1,0,0,0,1,0,0,1,0,1,0,0,1,0,0,1,0,0,1,0,0,2.076480671432496,-1.0,-1.8369701987210297e-16,0.992708874098054,-0.12053668025532288,71,225,1,0,0
841,10.227417172661774,1,0,0,0,1,0,0,1,0,1,0,0,1,0,0,1,0,0,1,0,0,2.418358748768111,-0.8660254037844385,-0.5000000000000004,0.992708874098054,-0.12053668025532288,132,225,0,0,1
842,7.090909822079984,0,0,0,1,0,0,1,1,0,1,0,0,1,0,0,1,0,0,1,0,0,2.0907411873032014,-0.5000000000000004,0.8660254037844384,0.992708874098054,-0.12053668025532288,93,225,1,0,0
843,4.110873864173311,0,0,1,0,1,0,0,1,0,1,0,0,1,0,0,1,0,0,1,0,0,1.6313704001963978,0.8660254037844387,-0.4999999999999998,0.992708874098054,-0.12053668025532288,112,225,0,0,0
844,7.616283561580385,1,0,0,0,1,0,0,0,1,0,1,0,0,1,0,0,1,0,0,1,0,2.153653850359465,-1.0,-1.8369701987210297e-16,0.8229838658936565,-0.5680647467311557,35,221,1,0,0
845,8.969669103793757,0,0,0,1,1,0,0,0,1,1,0,0,1,0,0,1,0,0,1,0,0,2.299547394234785,-0.5000000000000004,0.8660254037844384,0.992708874098054,-0.12053668025532288,117,225,0,0,1
846,9.089414904047302,1,0,0,0,0,0,1,0,1,1,0,0,1,0,0,1,0,0,1,0,0,2.311486844978249,0.8660254037844387,-0.4999999999999998,-0.970941817426052,-0.23931566428755774,136,306,0,0,1
847,5.25227342804663,0,0,1,0,0,0,1,0,1,0,1,0,0,1,0,0,1,0,0,1,0,1.8329451460953283,-1.0,-1.8369701987210297e-16,-0.5680647467311556,-0.8229838658936566,23,104,0,0,0
848,5.916202062607435,1,0,0,0,0,0,1,0,1,1,0,0,1,0,0,1,0,0,1,0,0,1.9338667840812656,-0.4999999999999997,-0.8660254037844388,0.992708874098054,-0.12053668025532288,97,225,0,0,0
849,8.517393171418904,0,0,1,0,0,0,1,1,0,1,0,0,1,0,0,1,0,0,1,0,0,2.2531209847743163,-1.0,-1.8369701987210297e-16,0.992708874098054,-0.12053668025532288,23,225,0,1,0
850,7.02197642307216,0,0,0,1,1,0,0,0,1,1,0,0,1,0,0,1,0,0,1,0,0,2.082184828309905,0.49999999999999994,-0.8660254037844387,-0.5680647467311556,-0.8229838658936566,99,104,1,0,0
851,7.754052639035757,0,0,0,1,0,0,1,0,1,0,0,1,0,0,1,0,0,1,0,0,1,2.1695167518915612,-1.0,-1.8369701987210297e-16,-0.35460488704253595,0.9350162426854147,23,34,0,1,0
852,6.846943139585379,0,0,1,0,1,0,0,0,1,1,0,0,1,0,0,1,0,0,1,0,0,2.0601240469849396,0.8660254037844387,-0.4999999999999998,0.992708874098054,-0.12053668025532288,136,225,1,0,0
853,9.549736900114642,1,0,0,0,1,0,0,1,0,1,0,0,1,0,0,1,0,0,1,0,0,2.35610092123335,-1.0,-1.8369701987210297e-16,0.992708874098054,-0.12053668025532288,23,225,0,0,1
854,8.470311205516108,0,0,1,0,1,0,0,0,1,1,0,0,1,0,0,1,0,0,1,0,0,2.2481617689089437,-1.0,-1.8369701987210297e-16,1.0,-1.6081226496766366e-16,23,278,0,1,0
855,8.14351740579748,1,0,0,0,1,0,0,0,1,0,1,0,0,1,0,0,1,0,0,1,0,2.2130451479559894,-1.0,-1.8369701987210297e-16,-0.7485107481711011,0.6631226582407952,23,298,0,1,0
856,8.013343181386672,1,0,0,0,1,0,0,1,0,1,0,0,1,0,0,1,0,0,1,0,0,2.1987060551155246,0.8660254037844386,0.5000000000000001,0.992708874098054,-0.12053668025532288,66,225,0,1,0
857,8.74369111054302,0,0,1,0,1,0,0,0,1,0,0,1,0,0,1,0,0,1,0,0,1,2.276620009987137,-0.8660254037844385,-0.5000000000000004,0.35460488704253584,-0.9350162426854147,120,60,0,1,0
858,8.12296471523406,1,0,0,0,1,0,0,0,1,1,0,0,1,0,0,1,0,0,1,0,0,2.2107948296844846,-2.4492935982947064e-16,1.0,-0.992708874098054,0.1205366802553232,80,43,0,1,0
859,9.988334087946246,0,0,1,0,1,0,0,1,0,1,0,0,1,0,0,1,0,0,1,0,0,2.396834172571161,-0.4999999999999997,-0.8660254037844388,0.992708874098054,-0.12053668025532288,1,225,0,0,1
860,8.696343057044556,0,0,1,0,0,0,1,1,0,1,0,0,1,0,0,1,0,0,1,0,0,2.2717488099969048,0.8660254037844386,0.5000000000000001,0.992708874098054,-0.12053668025532288,66,225,0,1,0
861,6.608000625296087,0,0,1,0,0,0,1,0,1,0,0,1,0,0,1,0,0,1,0,0,1,2.0292004074323717,-1.0,-1.8369701987210297e-16,0.992708874098054,-0.12053668025532288,23,121,1,0,0
862,7.951911381854188,1,0,0,0,0,0,1,0,1,1,0,0,1,0,0,1,0,0,1,0,0,2.191867071703945,1.0,6.123233995736766e-17,0.992708874098054,-0.12053668025532288,65,225,0,1,0
863,9.969790141790192,1,0,0,0,0,0,1,1,0,1,0,0,1,0,0,1,0,0,1,0,0,2.395145143911829,-0.5000000000000004,0.8660254037844384,0.992708874098054,-0.12053668025532288,57,225,0,0,1
864,6.928537818164665,1,0,0,0,1,0,0,0,1,0,1,0,0,1,0,0,1,0,0,1,0,2.0704686325376875,-0.8660254037844386,0.5000000000000001,-0.7485107481711011,0.6631226582407952,34,298,1,0,0
865,7.878912912297133,0,0,0,1,0,0,1,1,0,1,0,0,1,0,0,1,0,0,1,0,0,2.183679129723806,-1.0,-1.8369701987210297e-16,0.992708874098054,-0.12053668025532288,23,225,0,1,0
866,9.177920480720072,0,0,0,1,1,0,0,0,1,0,1,0,0,1,0,0,1,0,0,1,0,2.32022071527702,-1.0,-1.8369701987210297e-16,0.5680647467311558,0.8229838658936564,23,130,0,0,1
867,9.990169708671852,0,0,0,1,0,0,1,1,0,1,0,0,1,0,0,1,0,0,1,0,0,2.3970012103956515,-1.0,-1.8369701987210297e-16,0.992708874098054,-0.12053668025532288,35,225,0,0,1
868,7.215975002651466,0,0,0,1,0,0,1,0,1,1,0,0,1,0,0,1,0,0,1,0,0,2.1060804301011156,-0.8660254037844385,-0.5000000000000004,0.9350162426854148,0.35460488704253557,120,73,1,0,0
869,5.442417710521793,0,0,1,0,1,0,0,0,1,1,0,0,1,0,0,1,0,0,1,0,0,1.8629038905519502,-0.8660254037844386,0.5000000000000001,0.992708874098054,-0.12053668025532288,166,225,0,0,0
870,6.660575149839686,1,0,0,0,1,0,0,1,0,1,0,0,1,0,0,1,0,0,1,0,0,2.036087065769243,0.8660254037844387,-0.4999999999999998,0.992708874098054,-0.12053668025532288,76,225,1,0,0
871,9.27058845232154,0,0,0,1,0,0,1,1,0,1,0,0,1,0,0,1,0,0,1,0,0,2.329284320480249,-1.0,-1.8369701987210297e-16,0.992708874098054,-0.12053668025532288,23,225,0,0,1
872,8.258681496264236,1,0,0,0,0,0,1,0,1,0,0,1,0,0,1,0,0,1,0,0,1,2.2255616515075936,-1.0,-1.8369701987210297e-16,0.35460488704253584,-0.9350162426854147,11,8,0,1,0
873,7.621195162809845,1,0,0,0,1,0,0,1,0,1,0,0,1,0,0,1,0,0,1,0,0,2.154223725042522,-0.5000000000000004,0.8660254037844384,0.992708874098054,-0.12053668025532288,81,225,1,0,0
874,8.074337694089515,1,0,0,0,1,0,0,1,0,1,0,0,1,0,0,1,0,0,1,0,0,2.2054503961200984,-1.0,-1.8369701987210297e-16,0.992708874098054,-0.12053668025532288,23,225,0,1,0
875,8.531293315795018,0,0,0,1,1,0,0,0,1,0,1,0,0,1,0,0,1,0,0,1,0,2.2545804184053604,-0.5000000000000004,0.8660254037844384,0.8229838658936565,-0.5680647467311557,93,13,0,1,0
876,9.989252319496922,1,0,0,0,1,0,0,0,1,0,1,0,0,1,0,0,1,0,0,1,0,2.396917733298366,0.8660254037844387,-0.4999999999999998,0.8229838658936565,-0.5680647467311557,124,13,0,0,1
877,10.281615721568995,1,0,0,0,0,0,1,1,0,1,0,0,1,0,0,1,0,0,1,0,0,2.423174473540117,-1.0,-1.8369701987210297e-16,0.992708874098054,-0.12053668025532288,23,225,0,0,1
878,7.00397413672268,0,0,0,1,0,0,1,1,0,1,0,0,1,0,0,1,0,0,1,0,0,2.079938185422248,-2.4492935982947064e-16,1.0,0.992708874098054,-0.12053668025532288,8,225,1,0,0
879,7.75190533307861,0,0,0,1,1,0,0,0,1,0,1,0,0,1,0,0,1,0,0,1,0,2.169271429016762,-1.0,-1.8369701987210297e-16,0.5680647467311558,0.8229838658936564,23,130,1,0,0
880,8.427487278331744,1,0,0,0,0,0,1,1,0,1,0,0,1,0,0,1,0,0,1,0,0,2.243629600728276,-1.0,-1.8369701987210297e-16,0.992708874098054,-0.12053668025532288,23,225,0,1,0
881,5.198497031265826,1,0,0,0,1,0,0,0,1,0,1,0,0,1,0,0,1,0,0,1,0,1.8243068483519838,1.0,6.123233995736766e-17,-0.5680647467311556,-0.8229838658936566,89,104,0,0,0
882,3.4339872044851463,1,0,0,0,1,0,0,1,0,1,0,0,1,0,0,1,0,0,1,0,0,1.4892992254175486,0.8660254037844387,-0.4999999999999998,0.992708874098054,-0.12053668025532288,28,225,0,0,0
883,8.071218539969863,1,0,0,0,1,0,0,1,0,1,0,0,1,0,0,1,0,0,1,0,0,2.2051066035011075,1.2246467991473532e-16,-1.0,0.992708874098054,-0.12053668025532288,122,225,0,1,0
884,8.929435283803425,0,0,0,1,0,0,1,1,0,1,0,0,1,0,0,1,0,0,1,0,0,2.295503606732327,-1.0,-1.8369701987210297e-16,0.992708874098054,-0.12053668025532288,23,225,0,0,1
885,6.175867270105761,1,0,0,0,1,0,0,1,0,1,0,0,1,0,0,1,0,0,1,0,0,1.9707236282233618,-2.4492935982947064e-16,1.0,0.992708874098054,-0.12053668025532288,116,225,0,0,0
886,9.427948631791716,1,0,0,0,0,0,1,1,0,1,0,0,1,0,0,1,0,0,1,0,0,2.344489570070603,-0.8660254037844386,0.5000000000000001,0.992708874098054,-0.12053668025532288,130,225,0,0,1
887,9.888424674859085,0,0,0,1,1,0,0,0,1,1,0,0,1,0,0,1,0,0,1,0,0,2.387700268524891,-1.0,-1.8369701987210297e-16,-0.970941817426052,-0.23931566428755774,23,306,0,0,1
888,8.400884069015854,0,0,0,1,1,0,0,0,1,0,0,1,0,0,1,0,0,1,0,0,1,2.2408037347488476,1.2246467991473532e-16,-1.0,-0.8854560256532096,-0.4647231720437691,38,152,0,1,0
889,9.834726796965336,0,0,0,1,1,0,0,1,0,1,0,0,1,0,0,1,0,0,1,0,0,2.3827564198079707,-2.4492935982947064e-16,1.0,0.992708874098054,-0.12053668025532288,116,225,0,0,1
890,8.400884069015854,1,0,0,0,1,0,0,0,1,1,0,0,1,0,0,1,0,0,1,0,0,2.2408037347488476,-1.0,-1.8369701987210297e-16,0.992708874098054,-0.12053668025532288,23,225,0,1,0
891,5.860786223465865,1,0,0,0,0,0,1,0,1,0,1,0,0,1,0,0,1,0,0,1,0,1.9258220450052628,-1.0,-1.8369701987210297e-16,-0.5680647467311556,-0.8229838658936566,23,104,0,0,0
892,9.871532381294577,1,0,0,0,1,0,0,1,0,1,0,0,1,0,0,1,0,0,1,0,0,2.38614766463746,0.8660254037844387,-0.4999999999999998,0.992708874098054,-0.12053668025532288,160,225,0,0,1
893,4.875197323201151,1,0,0,0,1,0,0,0,1,1,0,0,1,0,0,1,0,0,1,0,0,1.77073964639405,-1.0,-1.8369701987210297e-16,0.12053668025532305,0.992708874098054,23,134,0,0,0
894,5.25227342804663,1,0,0,0,1,0,0,1,0,1,0,0,1,0,0,1,0,0,1,0,0,1.8329451460953283,-0.5000000000000004,0.8660254037844384,0.992708874098054,-0.12053668025532288,33,225,0,0,0
895,8.33110454805304,1,0,0,0,0,0,1,1,0,1,0,0,1,0,0,1,0,0,1,0,0,2.233353394567322,-1.0,-1.8369701987210297e-16,0.992708874098054,-0.12053668025532288,23,225,0,1,0
896,5.14166355650266,1,0,0,0,0,0,1,1,0,1,0,0,1,0,0,1,0,0,1,0,0,1.8150956430032537,-1.0,-1.8369701987210297e-16,0.992708874098054,-0.12053668025532288,35,225,0,0,0
897,8.098946748943339,0,0,1,0,0,0,1,0,1,0,1,0,0,1,0,0,1,0,0,1,0,2.2081586649498384,0.49999999999999994,0.8660254037844387,0.5680647467311558,0.8229838658936564,103,130,0,1,0
898,9.827739775097854,1,0,0,0,1,0,0,1,0,1,0,0,1,0,0,1,0,0,1,0,0,2.3821113388716397,-1.0,-1.8369701987210297e-16,0.992708874098054,-0.12053668025532288,23,225,0,0,1
899,7.85979918056211,0,0,0,1,1,0,0,0,1,1,0,0,1,0,0,1,0,0,1,0,0,2.1815240985093376,-1.0,-1.8369701987210297e-16,1.0,-1.6081226496766366e-16,23,278,0,1,0
900,8.27410200229233,1,0,0,0,1,0,0,0,1,1,0,0,1,0,0,1,0,0,1,0,0,2.227225784646365,0.8660254037844387,-0.4999999999999998,-0.992708874098054,0.1205366802553232,124,43,0,1,0
901,8.061802274538348,1,0,0,0,0,0,1,1,0,1,0,0,1,0,0,1,0,0,1,0,0,2.204068026821112,0.8660254037844387,-0.4999999999999998,0.992708874098054,-0.12053668025532288,16,225,0,1,0
902,5.739792912179234,1,0,0,0,1,0,0,0,1,1,0,0,1,0,0,1,0,0,1,0,0,1.9080291992562277,0.49999999999999994,-0.8660254037844387,-0.992708874098054,0.1205366802553232,3,43,0,0,0
903,8.89439598980643,0,0,0,1,0,0,1,1,0,1,0,0,1,0,0,1,0,0,1,0,0,2.2919685352314563,-1.0,-1.8369701987210297e-16,0.992708874098054,-0.12053668025532288,11,225,0,0,1
904,6.3473892096560105,0,0,0,1,0,0,1,0,1,1,0,0,1,0,0,1,0,0,1,0,0,1.9943450405522716,-0.4999999999999997,-0.8660254037844388,0.992708874098054,-0.12053668025532288,25,225,0,0,0
905,4.51085950651685,1,0,0,0,1,0,0,1,0,1,0,0,1,0,0,1,0,0,1,0,0,1.7067206012930416,1.2246467991473532e-16,-1.0,0.992708874098054,-0.12053668025532288,14,225,0,0,0
906,4.51085950651685,1,0,0,0,1,0,0,1,0,1,0,0,1,0,0,1,0,0,1,0,0,1.7067206012930416,-0.4999999999999997,-0.8660254037844388,0.992708874098054,-0.12053668025532288,61,225,0,0,0
907,5.525452939131784,1,0,0,0,0,0,1,1,0,1,0,0,1,0,0,1,0,0,1,0,0,1.8757103667584751,-1.0,-1.8369701987210297e-16,0.992708874098054,-0.12053668025532288,23,225,0,0,0
908,7.591357046698551,1,0,0,0,1,0,0,0,1,1,0,0,1,0,0,1,0,0,1,0,0,2.150756703343875,-0.4999999999999997,-0.8660254037844388,-0.970941817426052,-0.23931566428755774,61,306,1,0,0
909,7.427144133408616,1,0,0,0,0,0,1,0,1,0,1,0,0,1,0,0,1,0,0,1,0,2.131457940406689,-1.0,-1.8369701987210297e-16,-0.7485107481711011,0.6631226582407952,23,298,1,0,0
910,9.431962766918454,0,0,0,1,0,0,1,0,1,1,0,0,1,0,0,1,0,0,1,0,0,2.3448744360558473,-1.0,-1.8369701987210297e-16,0.12053668025532305,0.992708874098054,23,134,0,0,1
911,9.71057005652877,1,0,0,0,0,0,1,1,0,1,0,0,1,0,0,1,0,0,1,0,0,2.3712311096098193,-1.0,-1.8369701987210297e-16,0.992708874098054,-0.12053668025532288,23,225,0,0,1
912,8.03947991910045,0,0,1,0,0,0,1,1,0,1,0,0,1,0,0,1,0,0,1,0,0,2.20160164167615,0.49999999999999994,-0.8660254037844387,0.992708874098054,-0.12053668025532288,63,225,0,1,0
913,5.638354669333745,1,0,0,0,1,0,0,1,0,1,0,0,1,0,0,1,0,0,1,0,0,1.8928641420201489,-1.0,-1.8369701987210297e-16,0.992708874098054,-0.12053668025532288,23,225,0,0,0
914,7.878912912297133,0,0,1,0,0,0,1,0,1,0,0,1,0,0,1,0,0,1,0,0,1,2.183679129723806,0.8660254037844387,-0.4999999999999998,0.46472317204376906,-0.8854560256532096,52,165,0,1,0
915,6.478509642208569,0,0,0,1,0,0,1,0,1,1,0,0,1,0,0,1,0,0,1,0,0,2.012033526440284,1.0,6.123233995736766e-17,-0.992708874098054,0.1205366802553232,29,43,0,0,0
916,4.51085950651685,1,0,0,0,1,0,0,1,0,1,0,0,1,0,0,1,0,0,1,0,0,1.7067206012930416,-0.5000000000000004,0.8660254037844384,0.992708874098054,-0.12053668025532288,33,225,0,0,0
917,8.88751459738882,1,0,0,0,1,0,0,1,0,1,0,0,1,0,0,1,0,0,1,0,0,2.291272809440477,0.8660254037844386,0.5000000000000001,0.992708874098054,-0.12053668025532288,66,225,0,0,1
918,9.836866865194231,1,0,0,0,0,0,1,1,0,1,0,0,1,0,0,1,0,0,1,0,0,2.382953919656779,0.8660254037844387,-0.4999999999999998,0.992708874098054,-0.12053668025532288,4,225,0,0,1
919,7.8713112033234065,1,0,0,0,1,0,0,0,1,0,1,0,0,1,0,0,1,0,0,1,0,2.182822609897471,-1.0,-1.8369701987210297e-16,-0.7485107481711011,0.6631226582407952,23,298,0,1,0
920,6.746412128573375,1,0,0,0,1,0,0,0,1,1,0,0,1,0,0,1,0,0,1,0,0,2.0472297850184633,0.8660254037844386,0.5000000000000001,-0.992708874098054,0.1205366802553232,42,43,1,0,0
921,6.734591659972948,1,0,0,0,1,0,0,1,0,1,0,0,1,0,0,1,0,0,1,0,0,2.045702691419236,-1.0,-1.8369701987210297e-16,0.992708874098054,-0.12053668025532288,107,225,1,0,0
922,7.65491704784832,0,0,0,1,1,0,0,1,0,1,0,0,1,0,0,1,0,0,1,0,0,2.158127604278178,1.0,6.123233995736766e-17,0.992708874098054,-0.12053668025532288,113,225,1,0,0
923,5.638354669333745,1,0,0,0,1,0,0,1,0,1,0,0,1,0,0,1,0,0,1,0,0,1.8928641420201489,-1.0,-1.8369701987210297e-16,0.992708874098054,-0.12053668025532288,83,225,0,0,0
924,8.76732914779405,1,0,0,0,1,0,0,0,1,1,0,0,1,0,0,1,0,0,1,0,0,2.2790430558866603,0.8660254037844387,-0.4999999999999998,0.12053668025532305,0.992708874098054,52,186,0,1,0
925,6.154858094016418,0,0,1,0,1,0,0,0,1,1,0,0,1,0,0,1,0,0,1,0,0,1.96779157969034,1.0,6.123233995736766e-17,0.12053668025532305,0.992708874098054,101,186,0,0,0
926,8.546946149565585,0,0,0,1,0,0,1,0,1,1,0,0,1,0,0,1,0,0,1,0,0,2.2562213284391404,1.0,6.123233995736766e-17,1.0,-1.6081226496766366e-16,53,278,0,1,0
927,6.175867270105761,1,0,0,0,1,0,0,1,0,1,0,0,1,0,0,1,0,0,1,0,0,1.9707236282233618,-1.0,-1.8369701987210297e-16,0.992708874098054,-0.12053668025532288,23,225,0,0,0
928,6.994849985833071,0,0,0,1,0,0,1,0,1,0,1,0,0,1,0,0,1,0,0,1,0,2.0787975826118283,-1.0,-1.8369701987210297e-16,-0.5680647467311556,-0.8229838658936566,23,104,1,0,0
929,8.480736654405622,1,0,0,0,0,0,1,1,0,1,0,0,1,0,0,1,0,0,1,0,0,2.2492620194088935,-1.0,-1.8369701987210297e-16,0.992708874098054,-0.12053668025532288,23,225,0,1,0
930,4.262679877041316,1,0,0,0,1,0,0,1,0,1,0,0,1,0,0,1,0,0,1,0,0,1.6606403793348097,-1.0,-1.8369701987210297e-16,0.992708874098054,-0.12053668025532288,23,225,0,0,0
931,7.300472814267799,1,0,0,0,0,0,1,0,1,1,0,0,1,0,0,1,0,0,1,0,0,2.116312478754509,-1.0,-1.8369701987210297e-16,0.12053668025532305,0.992708874098054,47,186,1,0,0
932,9.66147968357552,1,0,0,0,1,0,0,0,1,1,0,0,1,0,0,1,0,0,1,0,0,2.3666372161945217,-1.0,-1.8369701987210297e-16,1.0,-1.6081226496766366e-16,23,278,0,0,1
933,8.74369111054302,1,0,0,0,0,0,1,1,0,1,0,0,1,0,0,1,0,0,1,0,0,2.276620009987137,0.8660254037844386,0.5000000000000001,0.992708874098054,-0.12053668025532288,126,225,0,1,0
934,8.605387202152153,1,0,0,0,0,0,1,0,1,1,0,0,1,0,0,1,0,0,1,0,0,2.2623241079693805,-1.0,-1.8369701987210297e-16,0.992708874098054,-0.12053668025532288,23,225,0,1,0
935,10.014626341770096,1,0,0,0,0,0,1,1,0,1,0,0,1,0,0,1,0,0,1,0,0,2.399224057007117,1.2246467991473532e-16,-1.0,0.992708874098054,-0.12053668025532288,62,225,0,0,1
936,6.364750756851911,1,0,0,0,1,0,0,1,0,1,0,0,1,0,0,1,0,0,1,0,0,1.9967052077739862,0.8660254037844386,0.5000000000000001,0.992708874098054,-0.12053668025532288,90,225,0,0,0
937,7.941295570906532,0,0,0,1,1,0,0,0,1,1,0,0,1,0,0,1,0,0,1,0,0,2.1906804971316802,-1.0,-1.8369701987210297e-16,0.9350162426854148,0.35460488704253557,23,73,0,1,0
938,7.944846711001996,1,0,0,0,1,0,0,1,0,1,0,0,1,0,0,1,0,0,1,0,0,2.191077579977847,-1.0,-1.8369701987210297e-16,0.992708874098054,-0.12053668025532288,71,225,0,1,0
939,7.201170883281678,0,0,0,1,1,0,0,1,0,1,0,0,1,0,0,1,0,0,1,0,0,2.104276934720701,-1.0,-1.8369701987210297e-16,0.992708874098054,-0.12053668025532288,23,225,1,0,0
940,8.775085935057266,0,0,0,1,0,0,1,1,0,1,0,0,1,0,0,1,0,0,1,0,0,2.2798368971429923,-1.0,-1.8369701987210297e-16,0.992708874098054,-0.12053668025532288,35,225,0,1,0
941,7.090909822079984,1,0,0,0,1,0,0,0,1,1,0,0,1,0,0,1,0,0,1,0,0,2.0907411873032014,-2.4492935982947064e-16,1.0,-0.5680647467311556,-0.8229838658936566,44,104,1,0,0
942,8.833608482690892,0,0,0,1,0,0,1,0,1,1,0,0,1,0,0,1,0,0,1,0,0,2.2858059555767944,-1.0,-1.8369701987210297e-16,0.8229838658936565,-0.5680647467311557,23,221,0,1,0
943,9.79929302351827,0,0,0,1,0,0,1,1,0,1,0,0,1,0,0,1,0,0,1,0,0,2.379480671202178,-1.0,-1.8369701987210297e-16,0.992708874098054,-0.12053668025532288,23,225,0,0,1
944,7.421177528595393,0,0,1,0,1,0,0,1,0,1,0,0,1,0,0,1,0,0,1,0,0,2.1307496674781037,-0.4999999999999997,-0.8660254037844388,0.992708874098054,-0.12053668025532288,1,225,1,0,0
945,9.431962766918454,1,0,0,0,0,0,1,1,0,1,0,0,1,0,0,1,0,0,1,0,0,2.3448744360558473,1.0,6.123233995736766e-17,0.992708874098054,-0.12053668025532288,53,225,0,0,1
946,7.7057128238944275,1,0,0,0,1,0,0,0,1,1,0,0,1,0,0,1,0,0,1,0,0,2.163979456587253,-2.4492935982947064e-16,1.0,0.992708874098054,-0.12053668025532288,44,17,1,0,0
947,6.133398042996649,1,0,0,0,1,0,0,0,1,1,0,0,1,0,0,1,0,0,1,0,0,1.964787704766679,1.0,6.123233995736766e-17,1.0,-1.6081226496766366e-16,17,278,0,0,0
948,7.266128779556451,0,1,0,0,0,1,0,1,0,1,0,0,1,0,0,1,0,0,1,0,0,2.1121662953967393,-1.0,-1.8369701987210297e-16,0.992708874098054,-0.12053668025532288,23,225,1,0,0
949,6.769641976852503,1,0,0,0,1,0,0,1,0,1,0,0,1,0,0,1,0,0,1,0,0,2.0502240856927894,1.0,6.123233995736766e-17,0.992708874098054,-0.12053668025532288,113,225,1,0,0
950,9.0432226489245,1,0,0,0,1,0,0,1,0,1,0,0,1,0,0,1,0,0,1,0,0,2.3068980437287885,-0.5000000000000004,0.8660254037844384,0.992708874098054,-0.12053668025532288,249,225,0,0,1
951,6.566672429803241,0,0,0,1,0,0,1,0,1,1,0,0,1,0,0,1,0,0,1,0,0,2.0237533974669626,-1.0,-1.8369701987210297e-16,-0.992708874098054,0.1205366802553232,23,199,0,0,0
952,8.748463629942055,0,0,0,1,0,0,1,1,0,1,0,0,1,0,0,1,0,0,1,0,0,2.2771096961770887,-0.8660254037844386,0.5000000000000001,0.992708874098054,-0.12053668025532288,22,225,0,1,0
953,9.89500164888583,1,0,0,0,1,0,0,0,1,0,0,1,0,0,1,0,0,1,0,0,1,2.3883041197399244,0.8660254037844387,-0.4999999999999998,0.46472317204376906,-0.8854560256532096,112,217,0,0,1
954,5.968707559985366,1,0,0,0,1,0,0,0,1,1,0,0,1,0,0,1,0,0,1,0,0,1.9414297785949048,0.8660254037844386,0.5000000000000001,0.9350162426854148,0.35460488704253557,30,73,0,0,0
955,7.43307534889858,0,0,0,1,0,0,1,0,1,0,0,1,0,0,1,0,0,1,0,0,1,2.1321615155577556,-0.4999999999999997,-0.8660254037844388,-0.9350162426854147,-0.3546048870425359,73,99,1,0,0
956,7.754052639035757,1,0,0,0,1,0,0,0,1,0,1,0,0,1,0,0,1,0,0,1,0,2.1695167518915612,-0.8660254037844386,0.5000000000000001,0.8229838658936565,-0.5680647467311557,10,221,0,1,0
957,7.259116128097101,0,0,0,1,0,0,1,1,0,1,0,0,1,0,0,1,0,0,1,0,0,2.111317575523662,-0.5000000000000004,0.8660254037844384,0.992708874098054,-0.12053668025532288,33,225,1,0,0
958,6.089044875446846,1,0,0,0,1,0,0,1,0,1,0,0,1,0,0,1,0,0,1,0,0,1.9585506171458116,-0.5000000000000004,0.8660254037844384,0.992708874098054,-0.12053668025532288,21,225,0,0,0
959,6.966967138613983,1,0,0,0,0,0,1,1,0,1,0,0,1,0,0,1,0,0,1,0,0,2.075303885702134,-2.4492935982947064e-16,1.0,0.992708874098054,-0.12053668025532288,116,225,1,0,0
960,9.103979355984771,0,0,0,1,1,0,0,0,1,0,1,0,0,1,0,0,1,0,0,1,0,2.3129293418933683,-1.0,-1.8369701987210297e-16,-0.5680647467311556,-0.8229838658936566,23,312,0,0,1
961,9.151757414543884,0,0,0,1,0,0,1,1,0,1,0,0,1,0,0,1,0,0,1,0,0,2.3176468347900916,-1.0,-1.8369701987210297e-16,0.992708874098054,-0.12053668025532288,23,225,0,0,1
962,5.564520407322694,0,0,1,0,1,0,0,1,0,1,0,0,1,0,0,1,0,0,1,0,0,1.881679452127038,-1.0,-1.8369701987210297e-16,0.992708874098054,-0.12053668025532288,23,225,0,0,0
963,10.069891425857708,1,0,0,0,0,0,1,1,0,1,0,0,1,0,0,1,0,0,1,0,0,2.4042289387101805,-0.5000000000000004,0.8660254037844384,0.992708874098054,-0.12053668025532288,21,225,0,0,1
964,5.602118820879701,1,0,0,0,1,0,0,0,1,0,1,0,0,1,0,0,1,0,0,1,0,1.887390630978784,-1.0,-1.8369701987210297e-16,0.5680647467311558,0.8229838658936564,23,130,0,0,0
965,4.709530201312334,1,0,0,0,0,0,1,1,0,1,0,0,1,0,0,1,0,0,1,0,0,1.742136743805324,-1.0,-1.8369701987210297e-16,0.992708874098054,-0.12053668025532288,23,225,0,0,0
966,6.634633357861686,1,0,0,0,1,0,0,1,0,1,0,0,1,0,0,1,0,0,1,0,0,2.032694916281349,0.8660254037844386,0.5000000000000001,0.992708874098054,-0.12053668025532288,90,225,1,0,0
967,8.177796683277778,1,0,0,0,0,0,1,0,1,1,0,0,1,0,0,1,0,0,1,0,0,2.216787163109899,-1.0,-1.8369701987210297e-16,-0.9350162426854147,-0.3546048870425359,23,99,0,1,0
968,7.0825485693553,0,0,1,0,1,0,0,1,0,1,0,0,1,0,0,1,0,0,1,0,0,2.0897072397989382,-1.0,-1.8369701987210297e-16,0.992708874098054,-0.12053668025532288,23,225,1,0,0
969,6.398594934535208,1,0,0,0,0,0,1,0,1,1,0,0,1,0,0,1,0,0,1,0,0,2.0012901084703705,-0.5000000000000004,0.8660254037844384,0.9350162426854148,0.35460488704253557,189,125,0,0,0
970,6.814542897259958,1,0,0,0,1,0,0,0,1,1,0,0,1,0,0,1,0,0,1,0,0,2.055986471729021,-2.4492935982947064e-16,1.0,-0.970941817426052,-0.23931566428755774,8,306,1,0,0
971,7.039660349862076,0,0,1,0,1,0,0,0,1,0,0,1,0,0,1,0,0,1,0,0,1,2.0843868372564978,0.49999999999999994,-0.8660254037844387,0.992708874098054,-0.12053668025532288,51,173,1,0,0
972,9.613202094214232,1,0,0,0,1,0,0,1,0,1,0,0,1,0,0,1,0,0,1,0,0,2.362098706736729,-1.0,-1.8369701987210297e-16,0.992708874098054,-0.12053668025532288,23,225,0,0,1
973,5.802118375377063,0,0,0,1,0,0,1,0,1,1,0,0,1,0,0,1,0,0,1,0,0,1.9172340894587216,-1.0,-1.8369701987210297e-16,-0.23931566428755743,-0.9709418174260521,23,159,0,0,0
974,5.017279836814924,1,0,0,0,1,0,0,0,1,1,0,0,1,0,0,1,0,0,1,0,0,1.7946353028541102,1.0,6.123233995736766e-17,-0.992708874098054,0.1205366802553232,53,43,0,0,0
975,9.172742341560864,1,0,0,0,0,0,1,0,1,1,0,0,1,0,0,1,0,0,1,0,0,2.3197118238157266,-1.0,-1.8369701987210297e-16,0.992708874098054,-0.12053668025532288,23,225,0,0,1
976,8.338305731356565,1,0,0,0,1,0,0,1,0,1,0,0,1,0,0,1,0,0,1,0,0,2.234124836573565,-1.0,-1.8369701987210297e-16,0.992708874098054,-0.12053668025532288,23,225,0,1,0
977,6.255750041753367,1,0,0,0,1,0,0,0,1,1,0,0,1,0,0,1,0,0,1,0,0,1.9817942637290324,-1.0,-1.8369701987210297e-16,1.0,-1.6081226496766366e-16,119,278,0,0,0
978,8.266421472984554,0,0,1,0,0,0,1,1,0,1,0,0,1,0,0,1,0,0,1,0,0,2.226397271928548,-1.0,-1.8369701987210297e-16,0.992708874098054,-0.12053668025532288,23,225,0,1,0
979,7.7279755421055585,1,0,0,0,0,0,1,0,1,1,0,0,1,0,0,1,0,0,1,0,0,2.1665334462932915,-0.5000000000000004,0.8660254037844384,0.992708874098054,-0.12053668025532288,117,225,1,0,0
980,8.394121193826242,1,0,0,0,1,0,0,1,0,1,0,0,1,0,0,1,0,0,1,0,0,2.2400840887166273,-1.0,-1.8369701987210297e-16,0.992708874098054,-0.12053668025532288,119,225,0,1,0
981,7.8713112033234065,0,0,0,1,0,0,1,1,0,1,0,0,1,0,0,1,0,0,1,0,0,2.182822609897471,-0.5000000000000004,0.8660254037844384,0.992708874098054,-0.12053668025532288,153,225,0,1,0
982,9.995656440007505,0,0,0,1,1,0,0,1,0,1,0,0,1,0,0,1,0,0,1,0,0,2.3975003257268157,-1.0,-1.8369701987210297e-16,0.992708874098054,-0.12053668025532288,23,225,0,0,1
983,3.713572066704308,1,0,0,0,1,0,0,0,1,1,0,0,1,0,0,1,0,0,1,0,0,1.5504460211620947,1.0,6.123233995736766e-17,0.12053668025532305,0.992708874098054,17,82,0,0,0
984,6.089044875446846,0,0,1,0,1,0,0,0,1,1,0,0,1,0,0,1,0,0,1,0,0,1.9585506171458116,-1.0,-1.8369701987210297e-16,0.12053668025532305,0.992708874098054,23,134,0,0,0
985,6.19644412779452,0,0,1,0,0,0,1,0,1,1,0,0,1,0,0,1,0,0,1,0,0,1.9735870328878404,0.49999999999999994,-0.8660254037844387,1.0,-1.6081226496766366e-16,99,278,0,0,0
986,6.431331081933479,1,0,0,0,1,0,0,0,1,0,1,0,0,1,0,0,1,0,0,1,0,2.005704992338858,-0.8660254037844386,0.5000000000000001,0.8229838658936565,-0.5680647467311557,10,65,0,0,0
987,7.43307534889858,0,0,1,0,1,0,0,1,0,1,0,0,1,0,0,1,0,0,1,0,0,2.1321615155577556,1.2246467991473532e-16,-1.0,0.992708874098054,-0.12053668025532288,98,225,1,0,0
988,3.4339872044851463,1,0,0,0,1,0,0,1,0,1,0,0,1,0,0,1,0,0,1,0,0,1.4892992254175486,-0.5000000000000004,0.8660254037844384,0.992708874098054,-0.12053668025532288,33,225,0,0,0
989,7.403061091090091,1,0,0,0,1,0,0,0,1,1,0,0,1,0,0,1,0,0,1,0,0,2.1285960550719913,1.2246467991473532e-16,-1.0,-0.992708874098054,0.1205366802553232,110,199,1,0,0
990,9.948986592607346,0,0,0,1,1,0,0,1,0,1,0,0,1,0,0,1,0,0,1,0,0,2.3932469033592882,-1.0,-1.8369701987210297e-16,0.992708874098054,-0.12053668025532288,23,225,0,0,1
991,6.918695219020472,1,0,0,0,1,0,0,1,0,1,0,0,1,0,0,1,0,0,1,0,0,2.0692264471812014,-1.0,-1.8369701987210297e-16,0.992708874098054,-0.12053668025532288,23,225,1,0,0
992,7.816416983691801,1,0,0,0,1,0,0,1,0,1,0,0,1,0,0,1,0,0,1,0,0,2.1766155498051547,-0.4999999999999997,-0.8660254037844388,0.992708874098054,-0.12053668025532288,301,225,0,1,0
993,8.149312843635345,0,0,0,1,0,0,1,0,1,1,0,0,1,0,0,1,0,0,1,0,0,2.213678777411108,-0.8660254037844386,0.5000000000000001,0.9350162426854148,0.35460488704253557,22,73,0,1,0
994,7.736743682453495,1,0,0,0,1,0,0,0,1,1,0,0,1,0,0,1,0,0,1,0,0,2.1675375438653024,-0.4999999999999997,-0.8660254037844388,0.12053668025532305,0.992708874098054,49,186,1,0,0
995,8.788898309344878,0,0,0,1,1,0,0,1,0,1,0,0,1,0,0,1,0,0,1,0,0,2.2812489179675843,-2.4492935982947064e-16,1.0,0.992708874098054,-0.12053668025532288,20,225,0,1,0
996,7.962415680121064,0,0,1,0,1,0,0,0,1,1,0,0,1,0,0,1,0,0,1,0,0,2.1930397978057297,-0.4999999999999997,-0.8660254037844388,1.0,-1.6081226496766366e-16,1,278,0,1,0
997,8.67265729404031,0,0,0,1,0,0,1,0,1,1,0,0,1,0,0,1,0,0,1,0,0,2.2693030694443137,-0.4999999999999997,-0.8660254037844388,-0.970941817426052,-0.23931566428755774,61,306,0,1,0
998,6.660575149839686,1,0,0,0,1,0,0,0,1,0,1,0,0,1,0,0,1,0,0,1,0,2.036087065769243,-1.0,-1.8369701987210297e-16,0.5680647467311558,0.8229838658936564,119,130,1,0,0
999,9.625161575008372,0,0,0,1,0,0,1,0,1,1,0,0,1,0,0,1,0,0,1,0,0,2.363224921754466,0.8660254037844386,0.5000000000000001,-0.970941817426052,-0.23931566428755774,162,306,0,0,1
1000,7.710205194432532,1,0,0,0,0,0,1,0,1,1,0,0,1,0,0,1,0,0,1,0,0,2.16449534907515,0.49999999999999994,-0.8660254037844387,-0.992708874098054,0.1205366802553232,75,43,1,0,0
1001,9.8853744971092,0,0,1,0,1,0,0,0,1,1,0,0,1,0,0,1,0,0,1,0,0,2.3874200989737946,-1.0,-1.8369701987210297e-16,0.992708874098054,-0.12053668025532288,23,225,0,0,1
1002,7.030857476116121,0,0,0,1,0,0,1,1,0,1,0,0,1,0,0,1,0,0,1,0,0,2.0832913063318936,-0.5000000000000004,0.8660254037844384,0.992708874098054,-0.12053668025532288,81,225,1,0,0
1003,5.14166355650266,1,0,0,0,1,0,0,0,1,1,0,0,1,0,0,1,0,0,1,0,0,1.8150956430032537,-0.4999999999999997,-0.8660254037844388,-0.12053668025532283,-0.992708874098054,25,108,0,0,0
1004,6.878326468291325,0,0,0,1,0,0,1,0,1,0,0,1,0,0,1,0,0,1,0,0,1,2.0641155041941834,-1.0,-1.8369701987210297e-16,0.8854560256532099,0.4647231720437686,23,230,1,0,0
1005,8.776630098427717,1,0,0,0,1,0,0,1,0,1,0,0,1,0,0,1,0,0,1,0,0,2.279994853955685,-1.0,-1.8369701987210297e-16,0.992708874098054,-0.12053668025532288,23,225,0,1,0
1006,8.266421472984554,0,0,1,0,0,0,1,0,1,0,1,0,0,1,0,0,1,0,0,1,0,2.226397271928548,-0.5000000000000004,0.8660254037844384,0.5680647467311558,0.8229838658936564,105,130,0,1,0
1007,8.338305731356565,0,0,1,0,0,0,1,1,0,1,0,0,1,0,0,1,0,0,1,0,0,2.234124836573565,-1.0,-1.8369701987210297e-16,0.992708874098054,-0.12053668025532288,35,225,0,1,0
1008,3.4339872044851463,1,0,0,0,0,0,1,1,0,1,0,0,1,0,0,1,0,0,1,0,0,1.4892992254175486,-1.0,-1.8369701987210297e-16,0.992708874098054,-0.12053668025532288,59,225,0,0,0
1009,5.442417710521793,1,0,0,0,1,0,0,0,1,1,0,0,1,0,0,1,0,0,1,0,0,1.8629038905519502,-0.4999999999999997,-0.8660254037844388,0.9350162426854148,0.35460488704253557,133,73,0,0,0
1010,8.436200032206706,0,0,0,1,0,0,1,0,1,0,1,0,0,1,0,0,1,0,0,1,0,2.244553360155699,1.2246467991473532e-16,-1.0,0.8229838658936565,-0.5680647467311557,62,273,0,1,0
1011,6.19644412779452,1,0,0,0,0,0,1,0,1,0,1,0,0,1,0,0,1,0,0,1,0,1.9735870328878404,-1.0,-1.8369701987210297e-16,0.8229838658936565,-0.5680647467311557,35,221,0,0,0
1012,8.753213480544126,0,0,0,1,0,0,1,0,1,1,0,0,1,0,0,1,0,0,1,0,0,2.2775968184557605,1.2246467991473532e-16,-1.0,-1.0,-1.8369701987210297e-16,134,252,0,1,0
1013,6.447305862541213,1,0,0,0,1,0,0,0,1,0,1,0,0,1,0,0,1,0,0,1,0,2.0078523377987656,0.8660254037844386,0.5000000000000001,-0.5680647467311556,-0.8229838658936566,6,104,0,0,0
1014,5.351858133476067,1,0,0,0,0,0,1,0,1,1,0,0,1,0,0,1,0,0,1,0,0,1.8487473895449305,-1.0,-1.8369701987210297e-16,-0.5680647467311556,-0.8229838658936566,23,104,0,0,0
1015,9.201400530406708,0,0,0,1,0,0,1,0,1,0,0,1,0,0,1,0,0,1,0,0,1,2.3225250177671137,-2.4492935982947064e-16,1.0,0.8854560256532099,0.4647231720437686,56,230,0,0,1
1016,6.311734809152915,0,0,1,0,0,0,1,0,1,0,0,1,0,0,1,0,0,1,0,0,1,1.9894805655993109,-1.0,-1.8369701987210297e-16,-0.8854560256532096,-0.4647231720437691,23,256,0,0,0
1017,4.709530201312334,0,0,1,0,1,0,0,1,0,1,0,0,1,0,0,1,0,0,1,0,0,1.742136743805324,-0.5000000000000004,0.8660254037844384,0.992708874098054,-0.12053668025532288,81,225,0,0,0
1018,4.948759890378168,0,0,1,0,0,0,1,1,0,1,0,0,1,0,0,1,0,0,1,0,0,1.783182776049518,-1.0,-1.8369701987210297e-16,0.992708874098054,-0.12053668025532288,35,225,0,0,0
1019,7.916078096302786,0,0,0,1,0,0,1,0,1,1,0,0,1,0,0,1,0,0,1,0,0,2.187856174604013,-0.4999999999999997,-0.8660254037844388,1.0,-1.6081226496766366e-16,13,278,0,1,0
1020,3.713572066704308,1,0,0,0,1,0,0,1,0,1,0,0,1,0,0,1,0,0,1,0,0,1.5504460211620947,-0.8660254037844385,-0.5000000000000004,0.992708874098054,-0.12053668025532288,0,225,0,0,0
1021,6.985641817639208,1,0,0,0,1,0,0,1,0,1,0,0,1,0,0,1,0,0,1,0,0,2.077645156350333,0.49999999999999994,-0.8660254037844387,0.992708874098054,-0.12053668025532288,51,225,1,0,0
1022,7.327123292259293,1,0,0,0,0,0,1,1,0,1,0,0,1,0,0,1,0,0,1,0,0,2.119518053467991,-1.0,-1.8369701987210297e-16,0.992708874098054,-0.12053668025532288,23,225,1,0,0
1023,8.227108234348146,0,0,1,0,1,0,0,0,1,1,0,0,1,0,0,1,0,0,1,0,0,2.222145698705159,0.8660254037844386,0.5000000000000001,0.992708874098054,-0.12053668025532288,162,225,0,1,0
1024,7.596392304064196,0,0,1,0,0,0,1,1,0,1,0,0,1,0,0,1,0,0,1,0,0,2.1513426157175006,0.49999999999999994,0.8660254037844387,0.992708874098054,-0.12053668025532288,43,225,1,0,0
1025,6.580639137284949,1,0,0,0,1,0,0,1,0,1,0,0,1,0,0,1,0,0,1,0,0,2.025597515002669,-0.5000000000000004,0.8660254037844384,0.992708874098054,-0.12053668025532288,69,225,0,0,0
1026,6.111467339502679,0,0,1,0,1,0,0,0,1,0,0,1,0,0,1,0,0,1,0,0,1,1.9617085993863232,1.2246467991473532e-16,-1.0,-0.4647231720437684,0.88545602565321,50,139,0,0,0
1027,5.25227342804663,1,0,0,0,0,0,1,0,1,1,0,0,1,0,0,1,0,0,1,0,0,1.8329451460953283,1.2246467991473532e-16,-1.0,-0.992708874098054,0.1205366802553232,86,199,0,0,0
1028,5.017279836814924,1,0,0,0,1,0,0,0,1,1,0,0,1,0,0,1,0,0,1,0,0,1.7946353028541102,-1.0,-1.8369701987210297e-16,-0.5680647467311556,-0.8229838658936566,23,104,0,0,0
1029,7.372118028337787,1,0,0,0,1,0,0,1,0,1,0,0,1,0,0,1,0,0,1,0,0,2.124906902470258,1.0,6.123233995736766e-17,0.992708874098054,-0.12053668025532288,113,225,1,0,0
1030,10.50262620577447,1,0,0,0,1,0,0,1,0,1,0,0,1,0,0,1,0,0,1,0,0,2.442575375017242,0.8660254037844387,-0.4999999999999998,0.992708874098054,-0.12053668025532288,88,225,0,0,1
1031,6.3818160174060985,0,0,0,1,1,0,0,1,0,1,0,0,1,0,0,1,0,0,1,0,0,1.9990196811606853,0.49999999999999994,-0.8660254037844387,0.992708874098054,-0.12053668025532288,171,225,0,0,0
1032,5.602118820879701,0,0,0,1,0,0,1,0,1,1,0,0,1,0,0,1,0,0,1,0,0,1.887390630978784,0.8660254037844386,0.5000000000000001,-0.992708874098054,0.1205366802553232,30,147,0,0,0
1033,8.946505025998682,1,0,0,0,1,0,0,1,0,1,0,0,1,0,0,1,0,0,1,0,0,2.2972212357980077,1.0,6.123233995736766e-17,0.992708874098054,-0.12053668025532288,113,225,0,0,1
1034,9.528866827722943,1,0,0,0,1,0,0,1,0,1,0,0,1,0,0,1,0,0,1,0,0,2.3541207066535894,0.8660254037844387,-0.4999999999999998,0.992708874098054,-0.12053668025532288,4,225,0,0,1
1035,10.209169157096309,1,0,0,0,1,0,0,1,0,1,0,0,1,0,0,1,0,0,1,0,0,2.4167321181104127,-1.0,-1.8369701987210297e-16,0.992708874098054,-0.12053668025532288,23,225,0,0,1
1036,9.165447603085449,0,0,0,1,0,0,1,0,1,1,0,0,1,0,0,1,0,0,1,0,0,2.3189944798624955,-1.0,-1.8369701987210297e-16,-0.9350162426854147,-0.3546048870425359,23,99,0,0,1
1037,5.017279836814924,1,0,0,0,0,0,1,1,0,1,0,0,1,0,0,1,0,0,1,0,0,1.7946353028541102,-1.0,-1.8369701987210297e-16,0.992708874098054,-0.12053668025532288,23,225,0,0,0
1038,9.75794141390479,0,0,0,1,1,0,0,1,0,1,0,0,1,0,0,1,0,0,1,0,0,2.3756442180196014,-0.8660254037844386,0.5000000000000001,0.992708874098054,-0.12053668025532288,22,225,0,0,1
1039,4.262679877041316,1,0,0,0,0,0,1,0,1,0,0,1,0,0,1,0,0,1,0,0,1,1.6606403793348097,1.2246467991473532e-16,-1.0,0.46472317204376906,-0.8854560256532096,302,165,0,0,0
1040,8.301769763117166,1,0,0,0,1,0,0,0,1,1,0,0,1,0,0,1,0,0,1,0,0,2.230204679164385,0.8660254037844386,0.5000000000000001,0.9350162426854148,0.35460488704253557,30,73,0,1,0
1041,7.378383712996714,0,0,1,0,1,0,0,0,1,1,0,0,1,0,0,1,0,0,1,0,0,2.1256550215472756,-0.8660254037844385,-0.5000000000000004,-0.992708874098054,0.1205366802553232,24,43,1,0,0
1042,8.14351740579748,1,0,0,0,1,0,0,0,1,0,1,0,0,1,0,0,1,0,0,1,0,2.2130451479559894,-1.0,-1.8369701987210297e-16,-0.5680647467311556,-0.8229838658936566,23,104,0,1,0
1043,6.042632833682381,0,0,1,0,1,0,0,1,0,1,0,0,1,0,0,1,0,0,1,0,0,1.9519820823132483,1.0,6.123233995736766e-17,0.992708874098054,-0.12053668025532288,113,225,0,0,0
1044,5.484796933490655,0,0,1,0,1,0,0,0,1,1,0,0,1,0,0,1,0,0,1,0,0,1.8694605040153234,0.8660254037844387,-0.4999999999999998,1.0,-1.6081226496766366e-16,4,278,0,0,0
1045,10.203258756085228,1,0,0,0,0,0,1,1,0,1,0,0,1,0,0,1,0,0,1,0,0,2.4162046963450434,-2.4492935982947064e-16,1.0,0.992708874098054,-0.12053668025532288,20,225,0,0,1
1046,10.277496392686066,0,0,0,1,0,0,1,1,0,1,0,0,1,0,0,1,0,0,1,0,0,2.4228092704321353,0.8660254037844387,-0.4999999999999998,0.992708874098054,-0.12053668025532288,124,225,0,0,1
1047,8.229777750081887,1,0,0,0,1,0,0,0,1,0,1,0,0,1,0,0,1,0,0,1,0,2.222434969143803,-1.0,-1.8369701987210297e-16,-0.7485107481711011,0.6631226582407952,23,298,0,1,0
1048,7.528869256642251,0,0,0,1,0,0,1,0,1,1,0,0,1,0,0,1,0,0,1,0,0,2.143456791947846,-1.0,-1.8369701987210297e-16,-0.992708874098054,0.1205366802553232,35,147,1,0,0
1049,5.916202062607435,1,0,0,0,1,0,0,0,1,1,0,0,1,0,0,1,0,0,1,0,0,1.9338667840812656,-0.4999999999999997,-0.8660254037844388,0.992708874098054,-0.12053668025532288,37,225,0,0,0
1050,9.485772721999046,0,0,0,1,0,0,1,0,1,0,0,1,0,0,1,0,0,1,0,0,1,2.350019359492316,-0.8660254037844385,-0.5000000000000004,0.8854560256532099,0.4647231720437686,12,230,0,0,1
1051,5.303304908059076,0,0,1,0,1,0,0,0,1,1,0,0,1,0,0,1,0,0,1,0,0,1.8410740844298052,-0.4999999999999997,-0.8660254037844388,0.12053668025532305,0.992708874098054,205,186,0,0,0
1052,8.533263371593732,1,0,0,0,0,0,1,0,1,0,1,0,0,1,0,0,1,0,0,1,0,2.254787090486755,-1.0,-1.8369701987210297e-16,-0.5680647467311556,-0.8229838658936566,23,104,0,1,0
1053,7.444833273892193,1,0,0,0,1,0,0,1,0,1,0,0,1,0,0,1,0,0,1,0,0,2.1335548074825423,-0.4999999999999997,-0.8660254037844388,0.992708874098054,-0.12053668025532288,1,225,1,0,0
1054,9.48729005784892,1,0,0,0,0,0,1,0,1,0,1,0,0,1,0,0,1,0,0,1,0,2.350164053271041,-1.0,-1.8369701987210297e-16,-0.7485107481711011,0.6631226582407952,23,90,0,0,1
1055,7.591357046698551,0,0,1,0,1,0,0,1,0,1,0,0,1,0,0,1,0,0,1,0,0,2.150756703343875,0.8660254037844387,-0.4999999999999998,0.992708874098054,-0.12053668025532288,76,225,1,0,0
1056,8.585038738311304,0,0,0,1,0,0,1,0,1,1,0,0,1,0,0,1,0,0,1,0,0,2.2602034180451325,-1.0,-1.8369701987210297e-16,-0.992708874098054,0.1205366802553232,23,147,0,1,0
1057,8.080546965824498,0,0,0,1,0,0,1,1,0,1,0,0,1,0,0,1,0,0,1,0,0,2.2061344293258616,-0.5000000000000004,0.8660254037844384,0.992708874098054,-0.12053668025532288,45,225,0,1,0
1058,5.198497031265826,1,0,0,0,0,0,1,0,1,0,0,1,0,0,1,0,0,1,0,0,1,1.8243068483519838,-1.0,-1.8369701987210297e-16,-0.8854560256532096,-0.4647231720437691,23,256,0,0,0
1059,8.125926802707886,0,0,1,0,1,0,0,1,0,1,0,0,1,0,0,1,0,0,1,0,0,2.211119461730976,0.8660254037844387,-0.4999999999999998,0.992708874098054,-0.12053668025532288,28,225,0,1,0
1060,8.14060704285845,1,0,0,0,0,0,1,0,1,0,1,0,0,1,0,0,1,0,0,1,0,2.2127267993282733,-1.0,-1.8369701987210297e-16,-0.5680647467311556,-0.8229838658936566,23,104,0,1,0
1061,9.000976444070345,0,0,0,1,0,0,1,1,0,1,0,0,1,0,0,1,0,0,1,0,0,2.3026827326341754,-1.0,-1.8369701987210297e-16,0.992708874098054,-0.12053668025532288,23,225,0,0,1
1062,5.25227342804663,0,0,0,1,1,0,0,0,1,0,1,0,0,1,0,0,1,0,0,1,0,1.8329451460953283,-1.0,-1.8369701987210297e-16,-0.992708874098054,0.1205366802553232,35,147,0,0,0
1063,8.740496729931813,1,0,0,0,0,0,1,1,0,1,0,0,1,0,0,1,0,0,1,0,0,2.276292115320346,-1.0,-1.8369701987210297e-16,0.992708874098054,-0.12053668025532288,23,225,0,1,0
1064,6.042632833682381,1,0,0,0,0,0,1,1,0,1,0,0,1,0,0,1,0,0,1,0,0,1.9519820823132483,-1.0,-1.8369701987210297e-16,0.992708874098054,-0.12053668025532288,23,225,0,0,0
1065,7.1631723908466425,1,0,0,0,1,0,0,0,1,0,0,1,0,0,1,0,0,1,0,0,1,2.0996328668112922,-1.0,-1.8369701987210297e-16,-0.8854560256532096,-0.4647231720437691,23,204,1,0,0
1066,8.11701408773731,1,0,0,0,1,0,0,1,0,1,0,0,1,0,0,1,0,0,1,0,0,2.210142347817905,-1.0,-1.8369701987210297e-16,0.992708874098054,-0.12053668025532288,23,225,0,1,0
1067,9.394410399304254,0,0,0,1,0,0,1,1,0,1,0,0,1,0,0,1,0,0,1,0,0,2.341268200057706,-0.4999999999999997,-0.8660254037844388,0.992708874098054,-0.12053668025532288,73,225,0,0,1
1068,8.519390774959724,0,0,0,1,0,0,1,0,1,1,0,0,1,0,0,1,0,0,1,0,0,2.253330852528636,-1.0,-1.8369701987210297e-16,0.5680647467311558,0.8229838658936564,23,130,0,1,0
1069,9.800956363888462,1,0,0,0,0,0,1,0,1,1,0,0,1,0,0,1,0,0,1,0,0,2.379634682421553,-1.0,-1.8369701987210297e-16,0.992708874098054,-0.12053668025532288,23,225,0,0,1
1070,5.993961427306569,0,0,1,0,0,0,1,1,0,1,0,0,1,0,0,1,0,0,1,0,0,1.945047123513961,-0.8660254037844386,0.5000000000000001,0.992708874098054,-0.12053668025532288,82,225,0,0,0
1071,6.710523109452428,1,0,0,0,1,0,0,0,1,0,0,1,0,0,1,0,0,1,0,0,1,2.042586033451661,1.0,6.123233995736766e-17,-0.8854560256532096,-0.4647231720437691,41,152,1,0,0
1072,8.59062950948942,1,0,0,0,0,0,1,0,1,0,1,0,0,1,0,0,1,0,0,1,0,2.260786529023512,-0.8660254037844385,-0.5000000000000004,0.5680647467311558,0.8229838658936564,0,286,0,1,0
1073,7.444833273892193,1,0,0,0,0,0,1,0,1,1,0,0,1,0,0,1,0,0,1,0,0,2.1335548074825423,-1.0,-1.8369701987210297e-16,-0.822983865893657,0.5680647467311548,23,143,1,0,0
1074,8.11102783819368,0,0,1,0,0,0,1,0,1,1,0,0,1,0,0,1,0,0,1,0,0,2.2094855301758165,-0.8660254037844386,0.5000000000000001,0.992708874098054,-0.12053668025532288,166,225,0,1,0
1075,7.252053951852814,1,0,0,0,0,0,1,1,0,1,0,0,1,0,0,1,0,0,1,0,0,2.1104621332211777,-0.8660254037844386,0.5000000000000001,0.992708874098054,-0.12053668025532288,22,225,1,0,0
1076,4.51085950651685,1,0,0,0,0,0,1,0,1,1,0,0,1,0,0,1,0,0,1,0,0,1.7067206012930416,-1.0,-1.8369701987210297e-16,0.12053668025532305,0.992708874098054,23,134,0,0,0
1077,8.229777750081887,1,0,0,0,1,0,0,0,1,0,0,1,0,0,1,0,0,1,0,0,1,2.222434969143803,-0.5000000000000004,0.8660254037844384,-0.8854560256532096,-0.4647231720437691,165,256,0,1,0
1078,6.508769136971682,0,0,0,1,0,0,1,0,1,1,0,0,1,0,0,1,0,0,1,0,0,2.016071555801817,-1.0,-1.8369701987210297e-16,-0.992708874098054,0.1205366802553232,23,199,0,0,0
1079,9.722025626154055,1,0,0,0,1,0,0,0,1,1,0,0,1,0,0,1,0,0,1,0,0,2.37230009545603,-1.0,-1.8369701987210297e-16,-0.970941817426052,-0.23931566428755774,23,306,0,0,1
1080,7.787796878181171,1,0,0,0,1,0,0,0,1,1,0,0,1,0,0,1,0,0,1,0,0,2.1733640407119066,-1.0,-1.8369701987210297e-16,-0.992708874098054,0.1205366802553232,23,43,0,1,0
1081,5.993961427306569,0,1,0,0,1,0,0,1,0,1,0,0,1,0,0,1,0,0,1,0,0,1.945047123513961,1.0,6.123233995736766e-17,0.992708874098054,-0.12053668025532288,113,225,0,0,0
1082,6.089044875446846,0,0,1,0,1,0,0,1,0,1,0,0,1,0,0,1,0,0,1,0,0,1.9585506171458116,0.8660254037844387,-0.4999999999999998,0.992708874098054,-0.12053668025532288,160,225,0,0,0
1083,9.353661191420406,0,0,0,1,0,0,1,0,1,0,1,0,0,1,0,0,1,0,0,1,0,2.3373401954622244,-1.0,-1.8369701987210297e-16,0.5680647467311558,0.8229838658936564,23,130,0,0,1
1084,5.25227342804663,1,0,0,0,1,0,0,0,1,1,0,0,1,0,0,1,0,0,1,0,0,1.8329451460953283,-1.0,-1.8369701987210297e-16,1.0,-1.6081226496766366e-16,23,278,0,0,0
1085,8.301769763117166,0,0,1,0,1,0,0,1,0,1,0,0,1,0,0,1,0,0,1,0,0,2.230204679164385,0.8660254037844386,0.5000000000000001,0.992708874098054,-0.12053668025532288,6,225,0,1,0
1086,5.198497031265826,1,0,0,0,1,0,0,0,1,0,1,0,0,1,0,0,1,0,0,1,0,1.8243068483519838,-0.5000000000000004,0.8660254037844384,0.8229838658936565,-0.5680647467311557,21,221,0,0,0
1087,7.701200180857446,0,0,0,1,0,0,1,1,0,1,0,0,1,0,0,1,0,0,1,0,0,2.1634609679687555,-0.5000000000000004,0.8660254037844384,0.992708874098054,-0.12053668025532288,45,225,1,0,0
1088,8.366602832783736,1,0,0,0,1,0,0,0,1,1,0,0,1,0,0,1,0,0,1,0,0,2.237150472643073,1.0,6.123233995736766e-17,-0.12053668025532283,-0.992708874098054,77,108,0,1,0
1089,8.560444233410552,0,0,0,1,1,0,0,1,0,1,0,0,1,0,0,1,0,0,1,0,0,2.2576341939136833,0.49999999999999994,-0.8660254037844387,0.992708874098054,-0.12053668025532288,75,225,0,1,0
1090,5.802118375377063,1,0,0,0,1,0,0,0,1,1,0,0,1,0,0,1,0,0,1,0,0,1.9172340894587216,-1.0,-1.8369701987210297e-16,0.992708874098054,-0.12053668025532288,23,225,0,0,0
1091,9.20943996673302,1,0,0,0,0,0,1,1,0,1,0,0,1,0,0,1,0,0,1,0,0,2.3233127792258537,-1.0,-1.8369701987210297e-16,0.992708874098054,-0.12053668025532288,23,225,0,0,1
1092,5.707110264748875,1,0,0,0,1,0,0,0,1,1,0,0,1,0,0,1,0,0,1,0,0,1.9031681972312866,-0.4999999999999997,-0.8660254037844388,-0.992708874098054,0.1205366802553232,181,43,0,0,0
1093,9.254452946594505,0,0,1,0,0,0,1,1,0,1,0,0,1,0,0,1,0,0,1,0,0,2.3277120450594677,1.2246467991473532e-16,-1.0,0.992708874098054,-0.12053668025532288,74,225,0,0,1
1094,7.7752758464868625,0,0,0,1,1,0,0,0,1,1,0,0,1,0,0,1,0,0,1,0,0,2.171938204354923,1.0,6.123233995736766e-17,-0.992708874098054,0.1205366802553232,29,43,0,1,0
1095,6.53813982376767,1,0,0,0,1,0,0,0,1,1,0,0,1,0,0,1,0,0,1,0,0,2.0199754438593875,1.2246467991473532e-16,-1.0,0.992708874098054,-0.12053668025532288,98,225,0,0,0
1096,7.030857476116121,1,0,0,0,0,0,1,0,1,0,0,1,0,0,1,0,0,1,0,0,1,2.0832913063318936,-1.0,-1.8369701987210297e-16,0.9350162426854148,0.35460488704253557,23,73,1,0,0
1097,6.580639137284949,0,1,0,0,0,1,0,1,0,1,0,0,1,0,0,1,0,0,1,0,0,2.025597515002669,1.0,6.123233995736766e-17,0.992708874098054,-0.12053668025532288,161,225,0,0,0
1098,7.5126175446745105,1,0,0,0,1,0,0,1,0,1,0,0,1,0,0,1,0,0,1,0,0,2.141549479858945,-0.5000000000000004,0.8660254037844384,0.992708874098054,-0.12053668025532288,129,225,1,0,0
1099,5.303304908059076,1,0,0,0,0,0,1,0,1,1,0,0,1,0,0,1,0,0,1,0,0,1.8410740844298052,0.8660254037844387,-0.4999999999999998,0.992708874098054,-0.12053668025532288,28,121,0,0,0
1100,6.293419278846481,1,0,0,0,1,0,0,0,1,1,0,0,1,0,0,1,0,0,1,0,0,1.9869724729359572,-1.0,-1.8369701987210297e-16,0.992708874098054,-0.12053668025532288,23,225,0,0,0
1101,8.309184527686298,0,0,0,1,0,0,1,1,0,1,0,0,1,0,0,1,0,0,1,0,0,2.2310014964415203,-1.0,-1.8369701987210297e-16,0.992708874098054,-0.12053668025532288,35,225,0,1,0
1102,6.746412128573375,1,0,0,0,1,0,0,0,1,1,0,0,1,0,0,1,0,0,1,0,0,2.0472297850184633,-0.5000000000000004,0.8660254037844384,-0.992708874098054,0.1205366802553232,33,43,1,0,0
1103,7.201170883281678,0,0,0,1,0,0,1,0,1,0,1,0,0,1,0,0,1,0,0,1,0,2.104276934720701,-0.8660254037844386,0.5000000000000001,0.5680647467311558,0.8229838658936564,106,130,1,0,0
1104,5.564520407322694,0,0,0,1,1,0,0,0,1,1,0,0,1,0,0,1,0,0,1,0,0,1.881679452127038,0.8660254037844386,0.5000000000000001,0.992708874098054,-0.12053668025532288,42,225,0,0,0
1105,5.802118375377063,0,0,1,0,0,0,1,0,1,0,1,0,0,1,0,0,1,0,0,1,0,1.9172340894587216,-0.5000000000000004,0.8660254037844384,0.5680647467311558,0.8229838658936564,81,130,0,0,0
1106,8.581294116822761,1,0,0,0,0,0,1,0,1,1,0,0,1,0,0,1,0,0,1,0,0,2.2598126681229127,-1.0,-1.8369701987210297e-16,-0.5680647467311556,-0.8229838658936566,47,104,0,1,0
1107,7.244941546337007,1,0,0,0,1,0,0,0,1,1,0,0,1,0,0,1,0,0,1,0,0,2.109599866397226,1.2246467991473532e-16,-1.0,1.0,-1.6081226496766366e-16,38,278,1,0,0
1108,6.293419278846481,1,0,0,0,1,0,0,1,0,1,0,0,1,0,0,1,0,0,1,0,0,1.9869724729359572,0.8660254037844387,-0.4999999999999998,0.992708874098054,-0.12053668025532288,136,225,0,0,0
1109,8.157943507105037,0,0,1,0,1,0,0,0,1,1,0,0,1,0,0,1,0,0,1,0,0,2.214621645522389,0.8660254037844387,-0.4999999999999998,0.46472317204376906,-0.8854560256532096,52,165,0,1,0
1110,6.803505257608338,0,0,1,0,0,0,1,1,0,1,0,0,1,0,0,1,0,0,1,0,0,2.0545730247502716,-1.0,-1.8369701987210297e-16,0.992708874098054,-0.12053668025532288,59,225,1,0,0
1111,7.550135342488429,1,0,0,0,1,0,0,0,1,1,0,0,1,0,0,1,0,0,1,0,0,2.1459471123541936,1.2246467991473532e-16,-1.0,-0.5680647467311556,-0.8229838658936566,14,104,1,0,0
1112,7.53955882930103,0,0,1,0,0,0,1,1,0,1,0,0,1,0,0,1,0,0,1,0,0,2.144709347133657,0.8660254037844387,-0.4999999999999998,0.992708874098054,-0.12053668025532288,112,225,1,0,0
1113,9.13356731317027,1,0,0,0,0,0,1,1,0,1,0,0,1,0,0,1,0,0,1,0,0,2.315853409592981,-1.0,-1.8369701987210297e-16,0.992708874098054,-0.12053668025532288,23,225,0,0,1
1114,6.769641976852503,1,0,0,0,0,0,1,1,0,1,0,0,1,0,0,1,0,0,1,0,0,2.0502240856927894,-1.0,-1.8369701987210297e-16,0.992708874098054,-0.12053668025532288,23,225,1,0,0
1115,8.585038738311304,0,0,0,1,0,0,1,0,1,0,0,1,0,0,1,0,0,1,0,0,1,2.2602034180451325,-1.0,-1.8369701987210297e-16,0.46472317204376906,-0.8854560256532096,23,165,0,1,0
